CVE_ENT,NOM_ENT,CVE_MUN,NOM_MUN
001,Aguascalientes,001,Aguascalientes
001,Aguascalientes,002,Asientos
001,Aguascalientes,003,Calvillo
001,Aguascalientes,004,Cosķo
001,Aguascalientes,005,Jesśs Marķa
001,Aguascalientes,006,Pabellón de Arteaga
001,Aguascalientes,007,Rincón de Romos
001,Aguascalientes,008,San José de Gracia
001,Aguascalientes,009,Tepezalį
001,Aguascalientes,010,El Llano
001,Aguascalientes,011,San Francisco de los Romo
001,Aguascalientes,999,Municipio no especificado
002,Baja California,001,Ensenada
002,Baja California,002,Mexicali
002,Baja California,003,Tecate
002,Baja California,004,Tijuana
002,Baja California,005,Playas de Rosarito
002,Baja California,006,San Quintķn
002,Baja California,999,Municipio no especificado
003,Baja California Sur,001,Comondś
003,Baja California Sur,002,Mulegé
003,Baja California Sur,003,La Paz
003,Baja California Sur,008,Los Cabos
003,Baja California Sur,009,Loreto
003,Baja California Sur,999,Municipio no especificado
004,Campeche,001,Calkinķ
004,Campeche,002,Campeche
004,Campeche,003,Carmen
004,Campeche,004,Champotón
004,Campeche,005,Hecelchakįn
004,Campeche,006,Hopelchén
004,Campeche,007,Palizada
004,Campeche,008,Tenabo
004,Campeche,009,Escįrcega
004,Campeche,010,Calakmul
004,Campeche,011,Candelaria
004,Campeche,012,Seybaplaya
004,Campeche,999,Municipio no especificado
005,Coahuila de Zaragoza,001,Abasolo
005,Coahuila de Zaragoza,002,Acuńa
005,Coahuila de Zaragoza,003,Allende
005,Coahuila de Zaragoza,004,Arteaga
005,Coahuila de Zaragoza,005,Candela
005,Coahuila de Zaragoza,006,Castańos
005,Coahuila de Zaragoza,007,Cuatro Ciénegas
005,Coahuila de Zaragoza,008,Escobedo
005,Coahuila de Zaragoza,009,Francisco I. Madero
005,Coahuila de Zaragoza,010,Frontera
005,Coahuila de Zaragoza,011,General Cepeda
005,Coahuila de Zaragoza,012,Guerrero
005,Coahuila de Zaragoza,013,Hidalgo
005,Coahuila de Zaragoza,014,Jiménez
005,Coahuila de Zaragoza,015,Juįrez
005,Coahuila de Zaragoza,016,Lamadrid
005,Coahuila de Zaragoza,017,Matamoros
005,Coahuila de Zaragoza,018,Monclova
005,Coahuila de Zaragoza,019,Morelos
005,Coahuila de Zaragoza,020,Mśzquiz
005,Coahuila de Zaragoza,021,Nadadores
005,Coahuila de Zaragoza,022,Nava
005,Coahuila de Zaragoza,023,Ocampo
005,Coahuila de Zaragoza,024,Parras
005,Coahuila de Zaragoza,025,Piedras Negras
005,Coahuila de Zaragoza,026,Progreso
005,Coahuila de Zaragoza,027,Ramos Arizpe
005,Coahuila de Zaragoza,028,Sabinas
005,Coahuila de Zaragoza,029,Sacramento
005,Coahuila de Zaragoza,030,Saltillo
005,Coahuila de Zaragoza,031,San Buenaventura
005,Coahuila de Zaragoza,032,San Juan de Sabinas
005,Coahuila de Zaragoza,033,San Pedro
005,Coahuila de Zaragoza,034,Sierra Mojada
005,Coahuila de Zaragoza,035,Torreón
005,Coahuila de Zaragoza,036,Viesca
005,Coahuila de Zaragoza,037,Villa Unión
005,Coahuila de Zaragoza,038,Zaragoza
005,Coahuila de Zaragoza,999,Municipio no especificado
006,Colima,001,Armerķa
006,Colima,002,Colima
006,Colima,003,Comala
006,Colima,004,Coquimatlįn
006,Colima,005,Cuauhtémoc
006,Colima,006,Ixtlahuacįn
006,Colima,007,Manzanillo
006,Colima,008,Minatitlįn
006,Colima,009,Tecomįn
006,Colima,010,Villa de Įlvarez
006,Colima,999,Municipio no especificado
007,Chiapas,001,Acacoyagua
007,Chiapas,002,Acala
007,Chiapas,003,Acapetahua
007,Chiapas,004,Altamirano
007,Chiapas,005,Amatįn
007,Chiapas,006,Amatenango de la Frontera
007,Chiapas,007,Amatenango del Valle
007,Chiapas,008,Įngel Albino Corzo
007,Chiapas,009,Arriaga
007,Chiapas,010,Bejucal de Ocampo
007,Chiapas,011,Bella Vista
007,Chiapas,012,Berriozįbal
007,Chiapas,013,Bochil
007,Chiapas,014,El Bosque
007,Chiapas,015,Cacahoatįn
007,Chiapas,016,Catazajį
007,Chiapas,017,Cintalapa
007,Chiapas,018,Coapilla
007,Chiapas,019,Comitįn de Domķnguez
007,Chiapas,020,La Concordia
007,Chiapas,021,Copainalį
007,Chiapas,022,Chalchihuitįn
007,Chiapas,023,Chamula
007,Chiapas,024,Chanal
007,Chiapas,025,Chapultenango
007,Chiapas,026,Chenalhó
007,Chiapas,027,Chiapa de Corzo
007,Chiapas,028,Chiapilla
007,Chiapas,029,Chicoasén
007,Chiapas,030,Chicomuselo
007,Chiapas,031,Chilón
007,Chiapas,032,Escuintla
007,Chiapas,033,Francisco León
007,Chiapas,034,Frontera Comalapa
007,Chiapas,035,Frontera Hidalgo
007,Chiapas,036,La Grandeza
007,Chiapas,037,Huehuetįn
007,Chiapas,038,Huixtįn
007,Chiapas,039,Huitiupįn
007,Chiapas,040,Huixtla
007,Chiapas,041,La Independencia
007,Chiapas,042,Ixhuatįn
007,Chiapas,043,Ixtacomitįn
007,Chiapas,044,Ixtapa
007,Chiapas,045,Ixtapangajoya
007,Chiapas,046,Jiquipilas
007,Chiapas,047,Jitotol
007,Chiapas,048,Juįrez
007,Chiapas,049,Larrįinzar
007,Chiapas,050,La Libertad
007,Chiapas,051,Mapastepec
007,Chiapas,052,Las Margaritas
007,Chiapas,053,Mazapa de Madero
007,Chiapas,054,Mazatįn
007,Chiapas,055,Metapa
007,Chiapas,056,Mitontic
007,Chiapas,057,Motozintla
007,Chiapas,058,Nicolįs Ruķz
007,Chiapas,059,Ocosingo
007,Chiapas,060,Ocotepec
007,Chiapas,061,Ocozocoautla de Espinosa
007,Chiapas,062,Ostuacįn
007,Chiapas,063,Osumacinta
007,Chiapas,064,Oxchuc
007,Chiapas,065,Palenque
007,Chiapas,066,Pantelhó
007,Chiapas,067,Pantepec
007,Chiapas,068,Pichucalco
007,Chiapas,069,Pijijiapan
007,Chiapas,070,El Porvenir
007,Chiapas,071,Villa Comaltitlįn
007,Chiapas,072,Pueblo Nuevo Solistahuacįn
007,Chiapas,073,Rayón
007,Chiapas,074,Reforma
007,Chiapas,075,Las Rosas
007,Chiapas,076,Sabanilla
007,Chiapas,077,Salto de Agua
007,Chiapas,078,San Cristóbal de las Casas
007,Chiapas,079,San Fernando
007,Chiapas,080,Siltepec
007,Chiapas,081,Simojovel
007,Chiapas,082,Sitalį
007,Chiapas,083,Socoltenango
007,Chiapas,084,Solosuchiapa
007,Chiapas,085,Soyaló
007,Chiapas,086,Suchiapa
007,Chiapas,087,Suchiate
007,Chiapas,088,Sunuapa
007,Chiapas,089,Tapachula
007,Chiapas,090,Tapalapa
007,Chiapas,091,Tapilula
007,Chiapas,092,Tecpatįn
007,Chiapas,093,Tenejapa
007,Chiapas,094,Teopisca
007,Chiapas,096,Tila
007,Chiapas,097,Tonalį
007,Chiapas,098,Totolapa
007,Chiapas,099,La Trinitaria
007,Chiapas,100,Tumbalį
007,Chiapas,101,Tuxtla Gutiérrez
007,Chiapas,102,Tuxtla Chico
007,Chiapas,103,Tuzantįn
007,Chiapas,104,Tzimol
007,Chiapas,105,Unión Juįrez
007,Chiapas,106,Venustiano Carranza
007,Chiapas,107,Villa Corzo
007,Chiapas,108,Villaflores
007,Chiapas,109,Yajalón
007,Chiapas,110,San Lucas
007,Chiapas,111,Zinacantįn
007,Chiapas,112,San Juan Cancuc
007,Chiapas,113,Aldama
007,Chiapas,114,Benemérito de las Américas
007,Chiapas,115,Maravilla Tenejapa
007,Chiapas,116,Marqués de Comillas
007,Chiapas,117,Montecristo de Guerrero
007,Chiapas,118,San Andrés Duraznal
007,Chiapas,119,Santiago el Pinar
007,Chiapas,120,Capitįn Luis Įngel Vidal
007,Chiapas,121,Rincón Chamula San Pedro
007,Chiapas,122,El Parral
007,Chiapas,123,Emiliano Zapata
007,Chiapas,124,Mezcalapa
007,Chiapas,125,Honduras de la Sierra
007,Chiapas,999,Municipio no especificado
008,Chihuahua,001,Ahumada
008,Chihuahua,002,Aldama
008,Chihuahua,003,Allende
008,Chihuahua,004,Aquiles Serdįn
008,Chihuahua,005,Ascensión
008,Chihuahua,006,Bachķniva
008,Chihuahua,007,Balleza
008,Chihuahua,008,Batopilas de Manuel Gómez Morķn
008,Chihuahua,009,Bocoyna
008,Chihuahua,010,Buenaventura
008,Chihuahua,011,Camargo
008,Chihuahua,012,Carichķ
008,Chihuahua,013,Casas Grandes
008,Chihuahua,014,Coronado
008,Chihuahua,015,Coyame del Sotol
008,Chihuahua,016,La Cruz
008,Chihuahua,017,Cuauhtémoc
008,Chihuahua,018,Cusihuiriachi
008,Chihuahua,019,Chihuahua
008,Chihuahua,020,Chķnipas
008,Chihuahua,021,Delicias
008,Chihuahua,022,Dr. Belisario Domķnguez
008,Chihuahua,023,Galeana
008,Chihuahua,024,Santa Isabel
008,Chihuahua,025,Gómez Farķas
008,Chihuahua,026,Gran Morelos
008,Chihuahua,027,Guachochi
008,Chihuahua,028,Guadalupe
008,Chihuahua,029,Guadalupe y Calvo
008,Chihuahua,030,Guazapares
008,Chihuahua,031,Guerrero
008,Chihuahua,032,Hidalgo del Parral
008,Chihuahua,033,Huejotitįn
008,Chihuahua,034,Ignacio Zaragoza
008,Chihuahua,035,Janos
008,Chihuahua,036,Jiménez
008,Chihuahua,037,Juįrez
008,Chihuahua,038,Julimes
008,Chihuahua,039,López
008,Chihuahua,040,Madera
008,Chihuahua,041,Maguarichi
008,Chihuahua,042,Manuel Benavides
008,Chihuahua,043,Matachķ
008,Chihuahua,044,Matamoros
008,Chihuahua,045,Meoqui
008,Chihuahua,046,Morelos
008,Chihuahua,047,Moris
008,Chihuahua,048,Namiquipa
008,Chihuahua,049,Nonoava
008,Chihuahua,050,Nuevo Casas Grandes
008,Chihuahua,051,Ocampo
008,Chihuahua,052,Ojinaga
008,Chihuahua,053,Praxedis G. Guerrero
008,Chihuahua,054,Riva Palacio
008,Chihuahua,055,Rosales
008,Chihuahua,056,Rosario
008,Chihuahua,057,San Francisco de Borja
008,Chihuahua,058,San Francisco de Conchos
008,Chihuahua,059,San Francisco del Oro
008,Chihuahua,060,Santa Bįrbara
008,Chihuahua,061,Satevó
008,Chihuahua,062,Saucillo
008,Chihuahua,063,Temósachic
008,Chihuahua,064,El Tule
008,Chihuahua,065,Urique
008,Chihuahua,066,Uruachi
008,Chihuahua,067,Valle de Zaragoza
008,Chihuahua,999,Municipio no especificado
009,Ciudad de México,002,Azcapotzalco
009,Ciudad de México,003,Coyoacįn
009,Ciudad de México,004,Cuajimalpa de Morelos
009,Ciudad de México,005,Gustavo A. Madero
009,Ciudad de México,006,Iztacalco
009,Ciudad de México,007,Iztapalapa
009,Ciudad de México,008,La Magdalena Contreras
009,Ciudad de México,009,Milpa Alta
009,Ciudad de México,010,Įlvaro Obregón
009,Ciudad de México,011,Tlįhuac
009,Ciudad de México,012,Tlalpan
009,Ciudad de México,013,Xochimilco
009,Ciudad de México,014,Benito Juįrez
009,Ciudad de México,015,Cuauhtémoc
009,Ciudad de México,016,Miguel Hidalgo
009,Ciudad de México,017,Venustiano Carranza
009,Ciudad de México,999,Demarcación territorial no especificada
010,Durango,001,Canatlįn
010,Durango,002,Canelas
010,Durango,003,Coneto de Comonfort
010,Durango,004,Cuencamé
010,Durango,005,Durango
010,Durango,006,General Simón Bolķvar
010,Durango,007,Gómez Palacio
010,Durango,008,Guadalupe Victoria
010,Durango,009,Guanacevķ
010,Durango,010,Hidalgo
010,Durango,011,Indé
010,Durango,012,Lerdo
010,Durango,013,Mapimķ
010,Durango,014,Mezquital
010,Durango,015,Nazas
010,Durango,016,Nombre de Dios
010,Durango,017,Ocampo
010,Durango,018,El Oro
010,Durango,019,Otįez
010,Durango,020,Pįnuco de Coronado
010,Durango,021,Peńón Blanco
010,Durango,022,Poanas
010,Durango,023,Pueblo Nuevo
010,Durango,024,Rodeo
010,Durango,025,San Bernardo
010,Durango,026,San Dimas
010,Durango,027,San Juan de Guadalupe
010,Durango,028,San Juan del Rķo
010,Durango,029,San Luis del Cordero
010,Durango,030,San Pedro del Gallo
010,Durango,031,Santa Clara
010,Durango,032,Santiago Papasquiaro
010,Durango,033,Sśchil
010,Durango,034,Tamazula
010,Durango,035,Tepehuanes
010,Durango,036,Tlahualilo
010,Durango,037,Topia
010,Durango,038,Vicente Guerrero
010,Durango,039,Nuevo Ideal
010,Durango,999,Municipio no especificado
011,Guanajuato,001,Abasolo
011,Guanajuato,002,Acįmbaro
011,Guanajuato,003,San Miguel de Allende
011,Guanajuato,004,Apaseo el Alto
011,Guanajuato,005,Apaseo el Grande
011,Guanajuato,006,Atarjea
011,Guanajuato,007,Celaya
011,Guanajuato,008,Manuel Doblado
011,Guanajuato,009,Comonfort
011,Guanajuato,010,Coroneo
011,Guanajuato,011,Cortazar
011,Guanajuato,012,Cuerįmaro
011,Guanajuato,013,Doctor Mora
011,Guanajuato,014,Dolores Hidalgo Cuna de la Independencia Nacional
011,Guanajuato,015,Guanajuato
011,Guanajuato,016,Huanķmaro
011,Guanajuato,017,Irapuato
011,Guanajuato,018,Jaral del Progreso
011,Guanajuato,019,Jerécuaro
011,Guanajuato,020,León
011,Guanajuato,021,Moroleón
011,Guanajuato,022,Ocampo
011,Guanajuato,023,Pénjamo
011,Guanajuato,024,Pueblo Nuevo
011,Guanajuato,025,Purķsima del Rincón
011,Guanajuato,026,Romita
011,Guanajuato,027,Salamanca
011,Guanajuato,028,Salvatierra
011,Guanajuato,029,San Diego de la Unión
011,Guanajuato,030,San Felipe
011,Guanajuato,031,San Francisco del Rincón
011,Guanajuato,032,San José Iturbide
011,Guanajuato,033,San Luis de la Paz
011,Guanajuato,034,Santa Catarina
011,Guanajuato,035,Santa Cruz de Juventino Rosas
011,Guanajuato,036,Santiago Maravatķo
011,Guanajuato,037,Silao de la Victoria
011,Guanajuato,038,Tarandacuao
011,Guanajuato,039,Tarimoro
011,Guanajuato,040,Tierra Blanca
011,Guanajuato,041,Uriangato
011,Guanajuato,042,Valle de Santiago
011,Guanajuato,043,Victoria
011,Guanajuato,044,Villagrįn
011,Guanajuato,045,Xichś
011,Guanajuato,046,Yuriria
011,Guanajuato,999,Municipio no especificado
012,Guerrero,001,Acapulco de Juįrez
012,Guerrero,002,Ahuacuotzingo
012,Guerrero,003,Ajuchitlįn del Progreso
012,Guerrero,004,Alcozauca de Guerrero
012,Guerrero,005,Alpoyeca
012,Guerrero,006,Apaxtla
012,Guerrero,007,Arcelia
012,Guerrero,008,Atenango del Rķo
012,Guerrero,009,Atlamajalcingo del Monte
012,Guerrero,010,Atlixtac
012,Guerrero,011,Atoyac de Įlvarez
012,Guerrero,012,Ayutla de los Libres
012,Guerrero,013,Azoyś
012,Guerrero,014,Benito Juįrez
012,Guerrero,015,Buenavista de Cuéllar
012,Guerrero,016,Coahuayutla de José Marķa Izazaga
012,Guerrero,017,Cocula
012,Guerrero,018,Copala
012,Guerrero,019,Copalillo
012,Guerrero,020,Copanatoyac
012,Guerrero,021,Coyuca de Benķtez
012,Guerrero,022,Coyuca de Catalįn
012,Guerrero,023,Cuajinicuilapa
012,Guerrero,024,Cualįc
012,Guerrero,025,Cuautepec
012,Guerrero,026,Cuetzala del Progreso
012,Guerrero,027,Cutzamala de Pinzón
012,Guerrero,028,Chilapa de Įlvarez
012,Guerrero,029,Chilpancingo de los Bravo
012,Guerrero,030,Florencio Villarreal
012,Guerrero,031,General Canuto A. Neri
012,Guerrero,032,General Heliodoro Castillo
012,Guerrero,033,Huamuxtitlįn
012,Guerrero,034,Huitzuco de los Figueroa
012,Guerrero,035,Iguala de la Independencia
012,Guerrero,036,Igualapa
012,Guerrero,037,Ixcateopan de Cuauhtémoc
012,Guerrero,038,Zihuatanejo de Azueta
012,Guerrero,039,Juan R. Escudero
012,Guerrero,040,Leonardo Bravo
012,Guerrero,041,Malinaltepec
012,Guerrero,042,Mįrtir de Cuilapan
012,Guerrero,043,Metlatónoc
012,Guerrero,044,Mochitlįn
012,Guerrero,045,Olinalį
012,Guerrero,046,Ometepec
012,Guerrero,047,Pedro Ascencio Alquisiras
012,Guerrero,048,Petatlįn
012,Guerrero,049,Pilcaya
012,Guerrero,050,Pungarabato
012,Guerrero,051,Quechultenango
012,Guerrero,052,San Luis Acatlįn
012,Guerrero,053,San Marcos
012,Guerrero,054,San Miguel Totolapan
012,Guerrero,055,Taxco de Alarcón
012,Guerrero,056,Tecoanapa
012,Guerrero,057,Técpan de Galeana
012,Guerrero,058,Teloloapan
012,Guerrero,059,Tepecoacuilco de Trujano
012,Guerrero,060,Tetipac
012,Guerrero,061,Tixtla de Guerrero
012,Guerrero,062,Tlacoachistlahuaca
012,Guerrero,063,Tlacoapa
012,Guerrero,064,Tlalchapa
012,Guerrero,065,Tlalixtaquilla de Maldonado
012,Guerrero,066,Tlapa de Comonfort
012,Guerrero,067,Tlapehuala
012,Guerrero,068,La Unión de Isidoro Montes de Oca
012,Guerrero,069,Xalpatlįhuac
012,Guerrero,070,Xochihuehuetlįn
012,Guerrero,071,Xochistlahuaca
012,Guerrero,072,Zapotitlįn Tablas
012,Guerrero,073,Zirįndaro
012,Guerrero,074,Zitlala
012,Guerrero,075,Eduardo Neri
012,Guerrero,076,Acatepec
012,Guerrero,077,Marquelia
012,Guerrero,078,Cochoapa el Grande
012,Guerrero,079,José Joaquķn de Herrera
012,Guerrero,080,Juchitįn
012,Guerrero,081,Iliatenco
012,Guerrero,999,Municipio no especificado
013,Hidalgo,001,Acatlįn
013,Hidalgo,002,Acaxochitlįn
013,Hidalgo,003,Actopan
013,Hidalgo,004,Agua Blanca de Iturbide
013,Hidalgo,005,Ajacuba
013,Hidalgo,006,Alfajayucan
013,Hidalgo,007,Almoloya
013,Hidalgo,008,Apan
013,Hidalgo,009,El Arenal
013,Hidalgo,010,Atitalaquia
013,Hidalgo,011,Atlapexco
013,Hidalgo,012,Atotonilco el Grande
013,Hidalgo,013,Atotonilco de Tula
013,Hidalgo,014,Calnali
013,Hidalgo,015,Cardonal
013,Hidalgo,016,Cuautepec de Hinojosa
013,Hidalgo,017,Chapantongo
013,Hidalgo,018,Chapulhuacįn
013,Hidalgo,019,Chilcuautla
013,Hidalgo,020,Eloxochitlįn
013,Hidalgo,021,Emiliano Zapata
013,Hidalgo,022,Epazoyucan
013,Hidalgo,023,Francisco I. Madero
013,Hidalgo,024,Huasca de Ocampo
013,Hidalgo,025,Huautla
013,Hidalgo,026,Huazalingo
013,Hidalgo,027,Huehuetla
013,Hidalgo,028,Huejutla de Reyes
013,Hidalgo,029,Huichapan
013,Hidalgo,030,Ixmiquilpan
013,Hidalgo,031,Jacala de Ledezma
013,Hidalgo,032,Jaltocįn
013,Hidalgo,033,Juįrez Hidalgo
013,Hidalgo,034,Lolotla
013,Hidalgo,035,Metepec
013,Hidalgo,036,San Agustķn Metzquititlįn
013,Hidalgo,037,Metztitlįn
013,Hidalgo,038,Mineral del Chico
013,Hidalgo,039,Mineral del Monte
013,Hidalgo,040,La Misión
013,Hidalgo,041,Mixquiahuala de Juįrez
013,Hidalgo,042,Molango de Escamilla
013,Hidalgo,043,Nicolįs Flores
013,Hidalgo,044,Nopala de Villagrįn
013,Hidalgo,045,Omitlįn de Juįrez
013,Hidalgo,046,San Felipe Orizatlįn
013,Hidalgo,047,Pacula
013,Hidalgo,048,Pachuca de Soto
013,Hidalgo,049,Pisaflores
013,Hidalgo,050,Progreso de Obregón
013,Hidalgo,051,Mineral de la Reforma
013,Hidalgo,052,San Agustķn Tlaxiaca
013,Hidalgo,053,San Bartolo Tutotepec
013,Hidalgo,054,San Salvador
013,Hidalgo,055,Santiago de Anaya
013,Hidalgo,056,Santiago Tulantepec de Lugo Guerrero
013,Hidalgo,057,Singuilucan
013,Hidalgo,058,Tasquillo
013,Hidalgo,059,Tecozautla
013,Hidalgo,060,Tenango de Doria
013,Hidalgo,061,Tepeapulco
013,Hidalgo,062,Tepehuacįn de Guerrero
013,Hidalgo,063,Tepeji del Rķo de Ocampo
013,Hidalgo,064,Tepetitlįn
013,Hidalgo,065,Tetepango
013,Hidalgo,066,Villa de Tezontepec
013,Hidalgo,067,Tezontepec de Aldama
013,Hidalgo,068,Tianguistengo
013,Hidalgo,069,Tizayuca
013,Hidalgo,070,Tlahuelilpan
013,Hidalgo,071,Tlahuiltepa
013,Hidalgo,072,Tlanalapa
013,Hidalgo,073,Tlanchinol
013,Hidalgo,074,Tlaxcoapan
013,Hidalgo,075,Tolcayuca
013,Hidalgo,076,Tula de Allende
013,Hidalgo,077,Tulancingo de Bravo
013,Hidalgo,078,Xochiatipan
013,Hidalgo,079,Xochicoatlįn
013,Hidalgo,080,Yahualica
013,Hidalgo,081,Zacualtipįn de Įngeles
013,Hidalgo,082,Zapotlįn de Juįrez
013,Hidalgo,083,Zempoala
013,Hidalgo,084,Zimapįn
013,Hidalgo,999,Municipio no especificado
014,Jalisco,001,Acatic
014,Jalisco,002,Acatlįn de Juįrez
014,Jalisco,003,Ahualulco de Mercado
014,Jalisco,004,Amacueca
014,Jalisco,005,Amatitįn
014,Jalisco,006,Ameca
014,Jalisco,007,San Juanito de Escobedo
014,Jalisco,008,Arandas
014,Jalisco,009,El Arenal
014,Jalisco,010,Atemajac de Brizuela
014,Jalisco,011,Atengo
014,Jalisco,012,Atenguillo
014,Jalisco,013,Atotonilco el Alto
014,Jalisco,014,Atoyac
014,Jalisco,015,Autlįn de Navarro
014,Jalisco,016,Ayotlįn
014,Jalisco,017,Ayutla
014,Jalisco,018,La Barca
014,Jalisco,019,Bolańos
014,Jalisco,020,Cabo Corrientes
014,Jalisco,021,Casimiro Castillo
014,Jalisco,022,Cihuatlįn
014,Jalisco,023,Zapotlįn el Grande
014,Jalisco,024,Cocula
014,Jalisco,025,Colotlįn
014,Jalisco,026,Concepción de Buenos Aires
014,Jalisco,027,Cuautitlįn de Garcķa Barragįn
014,Jalisco,028,Cuautla
014,Jalisco,029,Cuquķo
014,Jalisco,030,Chapala
014,Jalisco,031,Chimaltitįn
014,Jalisco,032,Chiquilistlįn
014,Jalisco,033,Degollado
014,Jalisco,034,Ejutla
014,Jalisco,035,Encarnación de Dķaz
014,Jalisco,036,Etzatlįn
014,Jalisco,037,El Grullo
014,Jalisco,038,Guachinango
014,Jalisco,039,Guadalajara
014,Jalisco,040,Hostotipaquillo
014,Jalisco,041,Huejścar
014,Jalisco,042,Huejuquilla el Alto
014,Jalisco,043,La Huerta
014,Jalisco,044,Ixtlahuacįn de los Membrillos
014,Jalisco,045,Ixtlahuacįn del Rķo
014,Jalisco,046,Jalostotitlįn
014,Jalisco,047,Jamay
014,Jalisco,048,Jesśs Marķa
014,Jalisco,049,Jilotlįn de los Dolores
014,Jalisco,050,Jocotepec
014,Jalisco,051,Juanacatlįn
014,Jalisco,052,Juchitlįn
014,Jalisco,053,Lagos de Moreno
014,Jalisco,054,El Limón
014,Jalisco,055,Magdalena
014,Jalisco,056,Santa Marķa del Oro
014,Jalisco,057,La Manzanilla de la Paz
014,Jalisco,058,Mascota
014,Jalisco,059,Mazamitla
014,Jalisco,060,Mexticacįn
014,Jalisco,061,Mezquitic
014,Jalisco,062,Mixtlįn
014,Jalisco,063,Ocotlįn
014,Jalisco,064,Ojuelos de Jalisco
014,Jalisco,065,Pihuamo
014,Jalisco,066,Poncitlįn
014,Jalisco,067,Puerto Vallarta
014,Jalisco,068,Villa Purificación
014,Jalisco,069,Quitupan
014,Jalisco,070,El Salto
014,Jalisco,071,San Cristóbal de la Barranca
014,Jalisco,072,San Diego de Alejandrķa
014,Jalisco,073,San Juan de los Lagos
014,Jalisco,074,San Juliįn
014,Jalisco,075,San Marcos
014,Jalisco,076,San Martķn de Bolańos
014,Jalisco,077,San Martķn Hidalgo
014,Jalisco,078,San Miguel el Alto
014,Jalisco,079,Gómez Farķas
014,Jalisco,080,San Sebastiįn del Oeste
014,Jalisco,081,Santa Marķa de los Įngeles
014,Jalisco,082,Sayula
014,Jalisco,083,Tala
014,Jalisco,084,Talpa de Allende
014,Jalisco,085,Tamazula de Gordiano
014,Jalisco,086,Tapalpa
014,Jalisco,087,Tecalitlįn
014,Jalisco,088,Tecolotlįn
014,Jalisco,089,Techaluta de Montenegro
014,Jalisco,090,Tenamaxtlįn
014,Jalisco,091,Teocaltiche
014,Jalisco,092,Teocuitatlįn de Corona
014,Jalisco,093,Tepatitlįn de Morelos
014,Jalisco,094,Tequila
014,Jalisco,095,Teuchitlįn
014,Jalisco,096,Tizapįn el Alto
014,Jalisco,097,Tlajomulco de Zśńiga
014,Jalisco,098,San Pedro Tlaquepaque
014,Jalisco,099,Tolimįn
014,Jalisco,100,Tomatlįn
014,Jalisco,101,Tonalį
014,Jalisco,102,Tonaya
014,Jalisco,103,Tonila
014,Jalisco,104,Totatiche
014,Jalisco,105,Tototlįn
014,Jalisco,106,Tuxcacuesco
014,Jalisco,107,Tuxcueca
014,Jalisco,108,Tuxpan
014,Jalisco,109,Unión de San Antonio
014,Jalisco,110,Unión de Tula
014,Jalisco,111,Valle de Guadalupe
014,Jalisco,112,Valle de Juįrez
014,Jalisco,113,San Gabriel
014,Jalisco,114,Villa Corona
014,Jalisco,115,Villa Guerrero
014,Jalisco,116,Villa Hidalgo
014,Jalisco,117,Cańadas de Obregón
014,Jalisco,118,Yahualica de Gonzįlez Gallo
014,Jalisco,119,Zacoalco de Torres
014,Jalisco,120,Zapopan
014,Jalisco,121,Zapotiltic
014,Jalisco,122,Zapotitlįn de Vadillo
014,Jalisco,123,Zapotlįn del Rey
014,Jalisco,124,Zapotlanejo
014,Jalisco,125,San Ignacio Cerro Gordo
014,Jalisco,999,Municipio no especificado
015,México,001,Acambay de Ruķz Castańeda
015,México,002,Acolman
015,México,003,Aculco
015,México,004,Almoloya de Alquisiras
015,México,005,Almoloya de Juįrez
015,México,006,Almoloya del Rķo
015,México,007,Amanalco
015,México,008,Amatepec
015,México,009,Amecameca
015,México,010,Apaxco
015,México,011,Atenco
015,México,012,Atizapįn
015,México,013,Atizapįn de Zaragoza
015,México,014,Atlacomulco
015,México,015,Atlautla
015,México,016,Axapusco
015,México,017,Ayapango
015,México,018,Calimaya
015,México,019,Capulhuac
015,México,020,Coacalco de Berriozįbal
015,México,021,Coatepec Harinas
015,México,022,Cocotitlįn
015,México,023,Coyotepec
015,México,024,Cuautitlįn
015,México,025,Chalco
015,México,026,Chapa de Mota
015,México,027,Chapultepec
015,México,028,Chiautla
015,México,029,Chicoloapan
015,México,030,Chiconcuac
015,México,031,Chimalhuacįn
015,México,032,Donato Guerra
015,México,033,Ecatepec de Morelos
015,México,034,Ecatzingo
015,México,035,Huehuetoca
015,México,036,Hueypoxtla
015,México,037,Huixquilucan
015,México,038,Isidro Fabela
015,México,039,Ixtapaluca
015,México,040,Ixtapan de la Sal
015,México,041,Ixtapan del Oro
015,México,042,Ixtlahuaca
015,México,043,Xalatlaco
015,México,044,Jaltenco
015,México,045,Jilotepec
015,México,046,Jilotzingo
015,México,047,Jiquipilco
015,México,048,Jocotitlįn
015,México,049,Joquicingo
015,México,050,Juchitepec
015,México,051,Lerma
015,México,052,Malinalco
015,México,053,Melchor Ocampo
015,México,054,Metepec
015,México,055,Mexicaltzingo
015,México,056,Morelos
015,México,057,Naucalpan de Juįrez
015,México,058,Nezahualcóyotl
015,México,059,Nextlalpan
015,México,060,Nicolįs Romero
015,México,061,Nopaltepec
015,México,062,Ocoyoacac
015,México,063,Ocuilan
015,México,064,El Oro
015,México,065,Otumba
015,México,066,Otzoloapan
015,México,067,Otzolotepec
015,México,068,Ozumba
015,México,069,Papalotla
015,México,070,La Paz
015,México,071,Polotitlįn
015,México,072,Rayón
015,México,073,San Antonio la Isla
015,México,074,San Felipe del Progreso
015,México,075,San Martķn de las Pirįmides
015,México,076,San Mateo Atenco
015,México,077,San Simón de Guerrero
015,México,078,Santo Tomįs
015,México,079,Soyaniquilpan de Juįrez
015,México,080,Sultepec
015,México,081,Tecįmac
015,México,082,Tejupilco
015,México,083,Temamatla
015,México,084,Temascalapa
015,México,085,Temascalcingo
015,México,086,Temascaltepec
015,México,087,Temoaya
015,México,088,Tenancingo
015,México,089,Tenango del Aire
015,México,090,Tenango del Valle
015,México,091,Teoloyucan
015,México,092,Teotihuacįn
015,México,093,Tepetlaoxtoc
015,México,094,Tepetlixpa
015,México,095,Tepotzotlįn
015,México,096,Tequixquiac
015,México,097,Texcaltitlįn
015,México,098,Texcalyacac
015,México,099,Texcoco
015,México,100,Tezoyuca
015,México,101,Tianguistenco
015,México,102,Timilpan
015,México,103,Tlalmanalco
015,México,104,Tlalnepantla de Baz
015,México,105,Tlatlaya
015,México,106,Toluca
015,México,107,Tonatico
015,México,108,Tultepec
015,México,109,Tultitlįn
015,México,110,Valle de Bravo
015,México,111,Villa de Allende
015,México,112,Villa del Carbón
015,México,113,Villa Guerrero
015,México,114,Villa Victoria
015,México,115,Xonacatlįn
015,México,116,Zacazonapan
015,México,117,Zacualpan
015,México,118,Zinacantepec
015,México,119,Zumpahuacįn
015,México,120,Zumpango
015,México,121,Cuautitlįn Izcalli
015,México,122,Valle de Chalco Solidaridad
015,México,123,Luvianos
015,México,124,San José del Rincón
015,México,125,Tonanitla
015,México,999,Municipio no especificado
016,Michoacįn de Ocampo,001,Acuitzio
016,Michoacįn de Ocampo,002,Aguililla
016,Michoacįn de Ocampo,003,Įlvaro Obregón
016,Michoacįn de Ocampo,004,Angamacutiro
016,Michoacįn de Ocampo,005,Angangueo
016,Michoacįn de Ocampo,006,Apatzingįn
016,Michoacįn de Ocampo,007,Aporo
016,Michoacįn de Ocampo,008,Aquila
016,Michoacįn de Ocampo,009,Ario
016,Michoacįn de Ocampo,010,Arteaga
016,Michoacįn de Ocampo,011,Briseńas
016,Michoacįn de Ocampo,012,Buenavista
016,Michoacįn de Ocampo,013,Carįcuaro
016,Michoacįn de Ocampo,014,Coahuayana
016,Michoacįn de Ocampo,015,Coalcomįn de Vįzquez Pallares
016,Michoacįn de Ocampo,016,Coeneo
016,Michoacįn de Ocampo,017,Contepec
016,Michoacįn de Ocampo,018,Copįndaro
016,Michoacįn de Ocampo,019,Cotija
016,Michoacįn de Ocampo,020,Cuitzeo
016,Michoacįn de Ocampo,021,Charapan
016,Michoacįn de Ocampo,022,Charo
016,Michoacįn de Ocampo,023,Chavinda
016,Michoacįn de Ocampo,024,Cherįn
016,Michoacįn de Ocampo,025,Chilchota
016,Michoacįn de Ocampo,026,Chinicuila
016,Michoacįn de Ocampo,027,Chucįndiro
016,Michoacįn de Ocampo,028,Churintzio
016,Michoacįn de Ocampo,029,Churumuco
016,Michoacįn de Ocampo,030,Ecuandureo
016,Michoacįn de Ocampo,031,Epitacio Huerta
016,Michoacįn de Ocampo,032,Erongarķcuaro
016,Michoacįn de Ocampo,033,Gabriel Zamora
016,Michoacįn de Ocampo,034,Hidalgo
016,Michoacįn de Ocampo,035,La Huacana
016,Michoacįn de Ocampo,036,Huandacareo
016,Michoacįn de Ocampo,037,Huaniqueo
016,Michoacįn de Ocampo,038,Huetamo
016,Michoacįn de Ocampo,039,Huiramba
016,Michoacįn de Ocampo,040,Indaparapeo
016,Michoacįn de Ocampo,041,Irimbo
016,Michoacįn de Ocampo,042,Ixtlįn
016,Michoacįn de Ocampo,043,Jacona
016,Michoacįn de Ocampo,044,Jiménez
016,Michoacįn de Ocampo,045,Jiquilpan
016,Michoacįn de Ocampo,046,Juįrez
016,Michoacįn de Ocampo,047,Jungapeo
016,Michoacįn de Ocampo,048,Lagunillas
016,Michoacįn de Ocampo,049,Madero
016,Michoacįn de Ocampo,050,Maravatķo
016,Michoacįn de Ocampo,051,Marcos Castellanos
016,Michoacįn de Ocampo,052,Lįzaro Cįrdenas
016,Michoacįn de Ocampo,053,Morelia
016,Michoacįn de Ocampo,054,Morelos
016,Michoacįn de Ocampo,055,Mśgica
016,Michoacįn de Ocampo,056,Nahuatzen
016,Michoacįn de Ocampo,057,Nocupétaro
016,Michoacįn de Ocampo,058,Nuevo Parangaricutiro
016,Michoacįn de Ocampo,059,Nuevo Urecho
016,Michoacįn de Ocampo,060,Numarįn
016,Michoacįn de Ocampo,061,Ocampo
016,Michoacįn de Ocampo,062,Pajacuarįn
016,Michoacįn de Ocampo,063,Panindķcuaro
016,Michoacįn de Ocampo,064,Parįcuaro
016,Michoacįn de Ocampo,065,Paracho
016,Michoacįn de Ocampo,066,Pįtzcuaro
016,Michoacįn de Ocampo,067,Penjamillo
016,Michoacįn de Ocampo,068,Peribįn
016,Michoacįn de Ocampo,069,La Piedad
016,Michoacįn de Ocampo,070,Purépero
016,Michoacįn de Ocampo,071,Puruįndiro
016,Michoacįn de Ocampo,072,Queréndaro
016,Michoacįn de Ocampo,073,Quiroga
016,Michoacįn de Ocampo,074,Cojumatlįn de Régules
016,Michoacįn de Ocampo,075,Los Reyes
016,Michoacįn de Ocampo,076,Sahuayo
016,Michoacįn de Ocampo,077,San Lucas
016,Michoacįn de Ocampo,078,Santa Ana Maya
016,Michoacįn de Ocampo,079,Salvador Escalante
016,Michoacįn de Ocampo,080,Senguio
016,Michoacįn de Ocampo,081,Susupuato
016,Michoacįn de Ocampo,082,Tacįmbaro
016,Michoacįn de Ocampo,083,Tancķtaro
016,Michoacįn de Ocampo,084,Tangamandapio
016,Michoacįn de Ocampo,085,Tangancķcuaro
016,Michoacįn de Ocampo,086,Tanhuato
016,Michoacįn de Ocampo,087,Taretan
016,Michoacįn de Ocampo,088,Tarķmbaro
016,Michoacįn de Ocampo,089,Tepalcatepec
016,Michoacįn de Ocampo,090,Tingambato
016,Michoacįn de Ocampo,091,Tingüindķn
016,Michoacįn de Ocampo,092,Tiquicheo de Nicolįs Romero
016,Michoacįn de Ocampo,093,Tlalpujahua
016,Michoacįn de Ocampo,094,Tlazazalca
016,Michoacįn de Ocampo,095,Tocumbo
016,Michoacįn de Ocampo,096,Tumbiscatķo
016,Michoacįn de Ocampo,097,Turicato
016,Michoacįn de Ocampo,098,Tuxpan
016,Michoacįn de Ocampo,099,Tuzantla
016,Michoacįn de Ocampo,100,Tzintzuntzan
016,Michoacįn de Ocampo,101,Tzitzio
016,Michoacįn de Ocampo,102,Uruapan
016,Michoacįn de Ocampo,103,Venustiano Carranza
016,Michoacįn de Ocampo,104,Villamar
016,Michoacįn de Ocampo,105,Vista Hermosa
016,Michoacįn de Ocampo,106,Yurécuaro
016,Michoacįn de Ocampo,107,Zacapu
016,Michoacįn de Ocampo,108,Zamora
016,Michoacįn de Ocampo,109,Zinįparo
016,Michoacįn de Ocampo,110,Zinapécuaro
016,Michoacįn de Ocampo,111,Ziracuaretiro
016,Michoacįn de Ocampo,112,Zitįcuaro
016,Michoacįn de Ocampo,113,José Sixto Verduzco
016,Michoacįn de Ocampo,999,Municipio no especificado
017,Morelos,001,Amacuzac
017,Morelos,002,Atlatlahucan
017,Morelos,003,Axochiapan
017,Morelos,004,Ayala
017,Morelos,005,Coatlįn del Rķo
017,Morelos,006,Cuautla
017,Morelos,007,Cuernavaca
017,Morelos,008,Emiliano Zapata
017,Morelos,009,Huitzilac
017,Morelos,010,Jantetelco
017,Morelos,011,Jiutepec
017,Morelos,012,Jojutla
017,Morelos,013,Jonacatepec de Leandro Valle
017,Morelos,014,Mazatepec
017,Morelos,015,Miacatlįn
017,Morelos,016,Ocuituco
017,Morelos,017,Puente de Ixtla
017,Morelos,018,Temixco
017,Morelos,019,Tepalcingo
017,Morelos,020,Tepoztlįn
017,Morelos,021,Tetecala
017,Morelos,022,Tetela del Volcįn
017,Morelos,023,Tlalnepantla
017,Morelos,024,Tlaltizapįn de Zapata
017,Morelos,025,Tlaquiltenango
017,Morelos,026,Tlayacapan
017,Morelos,027,Totolapan
017,Morelos,028,Xochitepec
017,Morelos,029,Yautepec
017,Morelos,030,Yecapixtla
017,Morelos,031,Zacatepec
017,Morelos,032,Zacualpan de Amilpas
017,Morelos,033,Temoac
017,Morelos,034,Coatetelco
017,Morelos,035,Xoxocotla
017,Morelos,036,Hueyapan
017,Morelos,999,Municipio no especificado
018,Nayarit,001,Acaponeta
018,Nayarit,002,Ahuacatlįn
018,Nayarit,003,Amatlįn de Cańas
018,Nayarit,004,Compostela
018,Nayarit,005,Huajicori
018,Nayarit,006,Ixtlįn del Rķo
018,Nayarit,007,Jala
018,Nayarit,008,Xalisco
018,Nayarit,009,Del Nayar
018,Nayarit,010,Rosamorada
018,Nayarit,011,Ruķz
018,Nayarit,012,San Blas
018,Nayarit,013,San Pedro Lagunillas
018,Nayarit,014,Santa Marķa del Oro
018,Nayarit,015,Santiago Ixcuintla
018,Nayarit,016,Tecuala
018,Nayarit,017,Tepic
018,Nayarit,018,Tuxpan
018,Nayarit,019,La Yesca
018,Nayarit,020,Bahķa de Banderas
018,Nayarit,999,Municipio no especificado
019,Nuevo León,001,Abasolo
019,Nuevo León,002,Agualeguas
019,Nuevo León,003,Los Aldamas
019,Nuevo León,004,Allende
019,Nuevo León,005,Anįhuac
019,Nuevo León,006,Apodaca
019,Nuevo León,007,Aramberri
019,Nuevo León,008,Bustamante
019,Nuevo León,009,Cadereyta Jiménez
019,Nuevo León,010,El Carmen
019,Nuevo León,011,Cerralvo
019,Nuevo León,012,Ciénega de Flores
019,Nuevo León,013,China
019,Nuevo León,014,Doctor Arroyo
019,Nuevo León,015,Doctor Coss
019,Nuevo León,016,Doctor Gonzįlez
019,Nuevo León,017,Galeana
019,Nuevo León,018,Garcķa
019,Nuevo León,019,San Pedro Garza Garcķa
019,Nuevo León,020,General Bravo
019,Nuevo León,021,General Escobedo
019,Nuevo León,022,General Terįn
019,Nuevo León,023,General Trevińo
019,Nuevo León,024,General Zaragoza
019,Nuevo León,025,General Zuazua
019,Nuevo León,026,Guadalupe
019,Nuevo León,027,Los Herreras
019,Nuevo León,028,Higueras
019,Nuevo León,029,Hualahuises
019,Nuevo León,030,Iturbide
019,Nuevo León,031,Juįrez
019,Nuevo León,032,Lampazos de Naranjo
019,Nuevo León,033,Linares
019,Nuevo León,034,Marķn
019,Nuevo León,035,Melchor Ocampo
019,Nuevo León,036,Mier y Noriega
019,Nuevo León,037,Mina
019,Nuevo León,038,Montemorelos
019,Nuevo León,039,Monterrey
019,Nuevo León,040,Parįs
019,Nuevo León,041,Pesquerķa
019,Nuevo León,042,Los Ramones
019,Nuevo León,043,Rayones
019,Nuevo León,044,Sabinas Hidalgo
019,Nuevo León,045,Salinas Victoria
019,Nuevo León,046,San Nicolįs de los Garza
019,Nuevo León,047,Hidalgo
019,Nuevo León,048,Santa Catarina
019,Nuevo León,049,Santiago
019,Nuevo León,050,Vallecillo
019,Nuevo León,051,Villaldama
019,Nuevo León,999,Municipio no especificado
020,Oaxaca,001,Abejones
020,Oaxaca,002,Acatlįn de Pérez Figueroa
020,Oaxaca,003,Asunción Cacalotepec
020,Oaxaca,004,Asunción Cuyotepeji
020,Oaxaca,005,Asunción Ixtaltepec
020,Oaxaca,006,Asunción Nochixtlįn
020,Oaxaca,007,Asunción Ocotlįn
020,Oaxaca,008,Asunción Tlacolulita
020,Oaxaca,009,Ayotzintepec
020,Oaxaca,010,El Barrio de la Soledad
020,Oaxaca,011,Calihualį
020,Oaxaca,012,Candelaria Loxicha
020,Oaxaca,013,Ciénega de Zimatlįn
020,Oaxaca,014,Ciudad Ixtepec
020,Oaxaca,015,Coatecas Altas
020,Oaxaca,016,Coicoyįn de las Flores
020,Oaxaca,017,La Compańķa
020,Oaxaca,018,Concepción Buenavista
020,Oaxaca,019,Concepción Pįpalo
020,Oaxaca,020,Constancia del Rosario
020,Oaxaca,021,Cosolapa
020,Oaxaca,022,Cosoltepec
020,Oaxaca,023,Cuilįpam de Guerrero
020,Oaxaca,024,Cuyamecalco Villa de Zaragoza
020,Oaxaca,025,Chahuites
020,Oaxaca,026,Chalcatongo de Hidalgo
020,Oaxaca,027,Chiquihuitlįn de Benito Juįrez
020,Oaxaca,028,Heroica Ciudad de Ejutla de Crespo
020,Oaxaca,029,Eloxochitlįn de Flores Magón
020,Oaxaca,030,El Espinal
020,Oaxaca,031,Tamazulįpam del Espķritu Santo
020,Oaxaca,032,Fresnillo de Trujano
020,Oaxaca,033,Guadalupe Etla
020,Oaxaca,034,Guadalupe de Ramķrez
020,Oaxaca,035,Guelatao de Juįrez
020,Oaxaca,036,Guevea de Humboldt
020,Oaxaca,037,Mesones Hidalgo
020,Oaxaca,038,Villa Hidalgo
020,Oaxaca,039,Heroica Ciudad de Huajuapan de León
020,Oaxaca,040,Huautepec
020,Oaxaca,041,Huautla de Jiménez
020,Oaxaca,042,Ixtlįn de Juįrez
020,Oaxaca,043,Juchitįn de Zaragoza
020,Oaxaca,044,Loma Bonita
020,Oaxaca,045,Magdalena Apasco
020,Oaxaca,046,Magdalena Jaltepec
020,Oaxaca,047,Santa Magdalena Jicotlįn
020,Oaxaca,048,Magdalena Mixtepec
020,Oaxaca,049,Magdalena Ocotlįn
020,Oaxaca,050,Magdalena Peńasco
020,Oaxaca,051,Magdalena Teitipac
020,Oaxaca,052,Magdalena Tequisistlįn
020,Oaxaca,053,Magdalena Tlacotepec
020,Oaxaca,054,Magdalena Zahuatlįn
020,Oaxaca,055,Mariscala de Juįrez
020,Oaxaca,056,Mįrtires de Tacubaya
020,Oaxaca,057,Matķas Romero Avendańo
020,Oaxaca,058,Mazatlįn Villa de Flores
020,Oaxaca,059,Miahuatlįn de Porfirio Dķaz
020,Oaxaca,060,Mixistlįn de la Reforma
020,Oaxaca,061,Monjas
020,Oaxaca,062,Natividad
020,Oaxaca,063,Nazareno Etla
020,Oaxaca,064,Nejapa de Madero
020,Oaxaca,065,Ixpantepec Nieves
020,Oaxaca,066,Santiago Niltepec
020,Oaxaca,067,Oaxaca de Juįrez
020,Oaxaca,068,Ocotlįn de Morelos
020,Oaxaca,069,La Pe
020,Oaxaca,070,Pinotepa de Don Luis
020,Oaxaca,071,Pluma Hidalgo
020,Oaxaca,072,San José del Progreso
020,Oaxaca,073,Putla Villa de Guerrero
020,Oaxaca,074,Santa Catarina Quioquitani
020,Oaxaca,075,Reforma de Pineda
020,Oaxaca,076,La Reforma
020,Oaxaca,077,Reyes Etla
020,Oaxaca,078,Rojas de Cuauhtémoc
020,Oaxaca,079,Salina Cruz
020,Oaxaca,080,San Agustķn Amatengo
020,Oaxaca,081,San Agustķn Atenango
020,Oaxaca,082,San Agustķn Chayuco
020,Oaxaca,083,San Agustķn de las Juntas
020,Oaxaca,084,San Agustķn Etla
020,Oaxaca,085,San Agustķn Loxicha
020,Oaxaca,086,San Agustķn Tlacotepec
020,Oaxaca,087,San Agustķn Yatareni
020,Oaxaca,088,San Andrés Cabecera Nueva
020,Oaxaca,089,San Andrés Dinicuiti
020,Oaxaca,090,San Andrés Huaxpaltepec
020,Oaxaca,091,San Andrés Huayįpam
020,Oaxaca,092,San Andrés Ixtlahuaca
020,Oaxaca,093,San Andrés Lagunas
020,Oaxaca,094,San Andrés Nuxińo
020,Oaxaca,095,San Andrés Paxtlįn
020,Oaxaca,096,San Andrés Sinaxtla
020,Oaxaca,097,San Andrés Solaga
020,Oaxaca,098,San Andrés Teotilįlpam
020,Oaxaca,099,San Andrés Tepetlapa
020,Oaxaca,100,San Andrés Yaį
020,Oaxaca,101,San Andrés Zabache
020,Oaxaca,102,San Andrés Zautla
020,Oaxaca,103,San Antonino Castillo Velasco
020,Oaxaca,104,San Antonino el Alto
020,Oaxaca,105,San Antonino Monte Verde
020,Oaxaca,106,San Antonio Acutla
020,Oaxaca,107,San Antonio de la Cal
020,Oaxaca,108,San Antonio Huitepec
020,Oaxaca,109,San Antonio Nanahuatķpam
020,Oaxaca,110,San Antonio Sinicahua
020,Oaxaca,111,San Antonio Tepetlapa
020,Oaxaca,112,San Baltazar Chichicįpam
020,Oaxaca,113,San Baltazar Loxicha
020,Oaxaca,114,San Baltazar Yatzachi el Bajo
020,Oaxaca,115,San Bartolo Coyotepec
020,Oaxaca,116,San Bartolomé Ayautla
020,Oaxaca,117,San Bartolomé Loxicha
020,Oaxaca,118,San Bartolomé Quialana
020,Oaxaca,119,San Bartolomé Yucuańe
020,Oaxaca,120,San Bartolomé Zoogocho
020,Oaxaca,121,San Bartolo Soyaltepec
020,Oaxaca,122,San Bartolo Yautepec
020,Oaxaca,123,San Bernardo Mixtepec
020,Oaxaca,124,San Blas Atempa
020,Oaxaca,125,San Carlos Yautepec
020,Oaxaca,126,San Cristóbal Amatlįn
020,Oaxaca,127,San Cristóbal Amoltepec
020,Oaxaca,128,San Cristóbal Lachirioag
020,Oaxaca,129,San Cristóbal Suchixtlahuaca
020,Oaxaca,130,San Dionisio del Mar
020,Oaxaca,131,San Dionisio Ocotepec
020,Oaxaca,132,San Dionisio Ocotlįn
020,Oaxaca,133,San Esteban Atatlahuca
020,Oaxaca,134,San Felipe Jalapa de Dķaz
020,Oaxaca,135,San Felipe Tejalįpam
020,Oaxaca,136,San Felipe Usila
020,Oaxaca,137,San Francisco Cahuacuį
020,Oaxaca,138,San Francisco Cajonos
020,Oaxaca,139,San Francisco Chapulapa
020,Oaxaca,140,San Francisco Chindśa
020,Oaxaca,141,San Francisco del Mar
020,Oaxaca,142,San Francisco Huehuetlįn
020,Oaxaca,143,San Francisco Ixhuatįn
020,Oaxaca,144,San Francisco Jaltepetongo
020,Oaxaca,145,San Francisco Lachigoló
020,Oaxaca,146,San Francisco Logueche
020,Oaxaca,147,San Francisco Nuxańo
020,Oaxaca,148,San Francisco Ozolotepec
020,Oaxaca,149,San Francisco Sola
020,Oaxaca,150,San Francisco Telixtlahuaca
020,Oaxaca,151,San Francisco Teopan
020,Oaxaca,152,San Francisco Tlapancingo
020,Oaxaca,153,San Gabriel Mixtepec
020,Oaxaca,154,San Ildefonso Amatlįn
020,Oaxaca,155,San Ildefonso Sola
020,Oaxaca,156,San Ildefonso Villa Alta
020,Oaxaca,157,San Jacinto Amilpas
020,Oaxaca,158,San Jacinto Tlacotepec
020,Oaxaca,159,San Jerónimo Coatlįn
020,Oaxaca,160,San Jerónimo Silacayoapilla
020,Oaxaca,161,San Jerónimo Sosola
020,Oaxaca,162,San Jerónimo Taviche
020,Oaxaca,163,San Jerónimo Tecóatl
020,Oaxaca,164,San Jorge Nuchita
020,Oaxaca,165,San José Ayuquila
020,Oaxaca,166,San José Chiltepec
020,Oaxaca,167,San José del Peńasco
020,Oaxaca,168,San José Estancia Grande
020,Oaxaca,169,San José Independencia
020,Oaxaca,170,San José Lachiguiri
020,Oaxaca,171,San José Tenango
020,Oaxaca,172,San Juan Achiutla
020,Oaxaca,173,San Juan Atepec
020,Oaxaca,174,Įnimas Trujano
020,Oaxaca,175,San Juan Bautista Atatlahuca
020,Oaxaca,176,San Juan Bautista Coixtlahuaca
020,Oaxaca,177,San Juan Bautista Cuicatlįn
020,Oaxaca,178,San Juan Bautista Guelache
020,Oaxaca,179,San Juan Bautista Jayacatlįn
020,Oaxaca,180,San Juan Bautista Lo de Soto
020,Oaxaca,181,San Juan Bautista Suchitepec
020,Oaxaca,182,San Juan Bautista Tlacoatzintepec
020,Oaxaca,183,San Juan Bautista Tlachichilco
020,Oaxaca,184,San Juan Bautista Tuxtepec
020,Oaxaca,185,San Juan Cacahuatepec
020,Oaxaca,186,San Juan Cieneguilla
020,Oaxaca,187,San Juan Coatzóspam
020,Oaxaca,188,San Juan Colorado
020,Oaxaca,189,San Juan Comaltepec
020,Oaxaca,190,San Juan Cotzocón
020,Oaxaca,191,San Juan Chicomezśchil
020,Oaxaca,192,San Juan Chilateca
020,Oaxaca,193,San Juan del Estado
020,Oaxaca,194,San Juan del Rķo
020,Oaxaca,195,San Juan Diuxi
020,Oaxaca,196,San Juan Evangelista Analco
020,Oaxaca,197,San Juan Guelavķa
020,Oaxaca,198,San Juan Guichicovi
020,Oaxaca,199,San Juan Ihualtepec
020,Oaxaca,200,San Juan Juquila Mixes
020,Oaxaca,201,San Juan Juquila Vijanos
020,Oaxaca,202,San Juan Lachao
020,Oaxaca,203,San Juan Lachigalla
020,Oaxaca,204,San Juan Lajarcia
020,Oaxaca,205,San Juan Lalana
020,Oaxaca,206,San Juan de los Cués
020,Oaxaca,207,San Juan Mazatlįn
020,Oaxaca,208,San Juan Mixtepec
020,Oaxaca,209,San Juan Mixtepec
020,Oaxaca,210,San Juan Ńumķ
020,Oaxaca,211,San Juan Ozolotepec
020,Oaxaca,212,San Juan Petlapa
020,Oaxaca,213,San Juan Quiahije
020,Oaxaca,214,San Juan Quiotepec
020,Oaxaca,215,San Juan Sayultepec
020,Oaxaca,216,San Juan Tabaį
020,Oaxaca,217,San Juan Tamazola
020,Oaxaca,218,San Juan Teita
020,Oaxaca,219,San Juan Teitipac
020,Oaxaca,220,San Juan Tepeuxila
020,Oaxaca,221,San Juan Teposcolula
020,Oaxaca,222,San Juan Yaeé
020,Oaxaca,223,San Juan Yatzona
020,Oaxaca,224,San Juan Yucuita
020,Oaxaca,225,San Lorenzo
020,Oaxaca,226,San Lorenzo Albarradas
020,Oaxaca,227,San Lorenzo Cacaotepec
020,Oaxaca,228,San Lorenzo Cuaunecuiltitla
020,Oaxaca,229,San Lorenzo Texmelścan
020,Oaxaca,230,San Lorenzo Victoria
020,Oaxaca,231,San Lucas Camotlįn
020,Oaxaca,232,San Lucas Ojitlįn
020,Oaxaca,233,San Lucas Quiavinķ
020,Oaxaca,234,San Lucas Zoquiįpam
020,Oaxaca,235,San Luis Amatlįn
020,Oaxaca,236,San Marcial Ozolotepec
020,Oaxaca,237,San Marcos Arteaga
020,Oaxaca,238,San Martķn de los Cansecos
020,Oaxaca,239,San Martķn Huamelślpam
020,Oaxaca,240,San Martķn Itunyoso
020,Oaxaca,241,San Martķn Lachilį
020,Oaxaca,242,San Martķn Peras
020,Oaxaca,243,San Martķn Tilcajete
020,Oaxaca,244,San Martķn Toxpalan
020,Oaxaca,245,San Martķn Zacatepec
020,Oaxaca,246,San Mateo Cajonos
020,Oaxaca,247,Capulįlpam de Méndez
020,Oaxaca,248,San Mateo del Mar
020,Oaxaca,249,San Mateo Yoloxochitlįn
020,Oaxaca,250,San Mateo Etlatongo
020,Oaxaca,251,San Mateo Nejįpam
020,Oaxaca,252,San Mateo Peńasco
020,Oaxaca,253,San Mateo Pińas
020,Oaxaca,254,San Mateo Rķo Hondo
020,Oaxaca,255,San Mateo Sindihui
020,Oaxaca,256,San Mateo Tlapiltepec
020,Oaxaca,257,San Melchor Betaza
020,Oaxaca,258,San Miguel Achiutla
020,Oaxaca,259,San Miguel Ahuehuetitlįn
020,Oaxaca,260,San Miguel Aloįpam
020,Oaxaca,261,San Miguel Amatitlįn
020,Oaxaca,262,San Miguel Amatlįn
020,Oaxaca,263,San Miguel Coatlįn
020,Oaxaca,264,San Miguel Chicahua
020,Oaxaca,265,San Miguel Chimalapa
020,Oaxaca,266,San Miguel del Puerto
020,Oaxaca,267,San Miguel del Rķo
020,Oaxaca,268,San Miguel Ejutla
020,Oaxaca,269,San Miguel el Grande
020,Oaxaca,270,San Miguel Huautla
020,Oaxaca,271,San Miguel Mixtepec
020,Oaxaca,272,San Miguel Panixtlahuaca
020,Oaxaca,273,San Miguel Peras
020,Oaxaca,274,San Miguel Piedras
020,Oaxaca,275,San Miguel Quetzaltepec
020,Oaxaca,276,San Miguel Santa Flor
020,Oaxaca,277,Villa Sola de Vega
020,Oaxaca,278,San Miguel Soyaltepec
020,Oaxaca,279,San Miguel Suchixtepec
020,Oaxaca,280,Villa Talea de Castro
020,Oaxaca,281,San Miguel Tecomatlįn
020,Oaxaca,282,San Miguel Tenango
020,Oaxaca,283,San Miguel Tequixtepec
020,Oaxaca,284,San Miguel Tilquiįpam
020,Oaxaca,285,San Miguel Tlacamama
020,Oaxaca,286,San Miguel Tlacotepec
020,Oaxaca,287,San Miguel Tulancingo
020,Oaxaca,288,San Miguel Yotao
020,Oaxaca,289,San Nicolįs
020,Oaxaca,290,San Nicolįs Hidalgo
020,Oaxaca,291,San Pablo Coatlįn
020,Oaxaca,292,San Pablo Cuatro Venados
020,Oaxaca,293,San Pablo Etla
020,Oaxaca,294,San Pablo Huitzo
020,Oaxaca,295,San Pablo Huixtepec
020,Oaxaca,296,San Pablo Macuiltianguis
020,Oaxaca,297,San Pablo Tijaltepec
020,Oaxaca,298,San Pablo Villa de Mitla
020,Oaxaca,299,San Pablo Yaganiza
020,Oaxaca,300,San Pedro Amuzgos
020,Oaxaca,301,San Pedro Apóstol
020,Oaxaca,302,San Pedro Atoyac
020,Oaxaca,303,San Pedro Cajonos
020,Oaxaca,304,San Pedro Coxcaltepec Cįntaros
020,Oaxaca,305,San Pedro Comitancillo
020,Oaxaca,306,San Pedro el Alto
020,Oaxaca,307,San Pedro Huamelula
020,Oaxaca,308,San Pedro Huilotepec
020,Oaxaca,309,San Pedro Ixcatlįn
020,Oaxaca,310,San Pedro Ixtlahuaca
020,Oaxaca,311,San Pedro Jaltepetongo
020,Oaxaca,312,San Pedro Jicayįn
020,Oaxaca,313,San Pedro Jocotipac
020,Oaxaca,314,San Pedro Juchatengo
020,Oaxaca,315,San Pedro Mįrtir
020,Oaxaca,316,San Pedro Mįrtir Quiechapa
020,Oaxaca,317,San Pedro Mįrtir Yucuxaco
020,Oaxaca,318,San Pedro Mixtepec
020,Oaxaca,319,San Pedro Mixtepec
020,Oaxaca,320,San Pedro Molinos
020,Oaxaca,321,San Pedro Nopala
020,Oaxaca,322,San Pedro Ocopetatillo
020,Oaxaca,323,San Pedro Ocotepec
020,Oaxaca,324,San Pedro Pochutla
020,Oaxaca,325,San Pedro Quiatoni
020,Oaxaca,326,San Pedro Sochiįpam
020,Oaxaca,327,San Pedro Tapanatepec
020,Oaxaca,328,San Pedro Taviche
020,Oaxaca,329,San Pedro Teozacoalco
020,Oaxaca,330,San Pedro Teutila
020,Oaxaca,331,San Pedro Tidaį
020,Oaxaca,332,San Pedro Topiltepec
020,Oaxaca,333,San Pedro Totolįpam
020,Oaxaca,334,Villa de Tututepec
020,Oaxaca,335,San Pedro Yaneri
020,Oaxaca,336,San Pedro Yólox
020,Oaxaca,337,San Pedro y San Pablo Ayutla
020,Oaxaca,338,Villa de Etla
020,Oaxaca,339,San Pedro y San Pablo Teposcolula
020,Oaxaca,340,San Pedro y San Pablo Tequixtepec
020,Oaxaca,341,San Pedro Yucunama
020,Oaxaca,342,San Raymundo Jalpan
020,Oaxaca,343,San Sebastiįn Abasolo
020,Oaxaca,344,San Sebastiįn Coatlįn
020,Oaxaca,345,San Sebastiįn Ixcapa
020,Oaxaca,346,San Sebastiįn Nicananduta
020,Oaxaca,347,San Sebastiįn Rķo Hondo
020,Oaxaca,348,San Sebastiįn Tecomaxtlahuaca
020,Oaxaca,349,San Sebastiįn Teitipac
020,Oaxaca,350,San Sebastiįn Tutla
020,Oaxaca,351,San Simón Almolongas
020,Oaxaca,352,San Simón Zahuatlįn
020,Oaxaca,353,Santa Ana
020,Oaxaca,354,Santa Ana Ateixtlahuaca
020,Oaxaca,355,Santa Ana Cuauhtémoc
020,Oaxaca,356,Santa Ana del Valle
020,Oaxaca,357,Santa Ana Tavela
020,Oaxaca,358,Santa Ana Tlapacoyan
020,Oaxaca,359,Santa Ana Yareni
020,Oaxaca,360,Santa Ana Zegache
020,Oaxaca,361,Santa Catalina Quierķ
020,Oaxaca,362,Santa Catarina Cuixtla
020,Oaxaca,363,Santa Catarina Ixtepeji
020,Oaxaca,364,Santa Catarina Juquila
020,Oaxaca,365,Santa Catarina Lachatao
020,Oaxaca,366,Santa Catarina Loxicha
020,Oaxaca,367,Santa Catarina Mechoacįn
020,Oaxaca,368,Santa Catarina Minas
020,Oaxaca,369,Santa Catarina Quiané
020,Oaxaca,370,Santa Catarina Tayata
020,Oaxaca,371,Santa Catarina Ticuį
020,Oaxaca,372,Santa Catarina Yosonotś
020,Oaxaca,373,Santa Catarina Zapoquila
020,Oaxaca,374,Santa Cruz Acatepec
020,Oaxaca,375,Santa Cruz Amilpas
020,Oaxaca,376,Santa Cruz de Bravo
020,Oaxaca,377,Santa Cruz Itundujia
020,Oaxaca,378,Santa Cruz Mixtepec
020,Oaxaca,379,Santa Cruz Nundaco
020,Oaxaca,380,Santa Cruz Papalutla
020,Oaxaca,381,Santa Cruz Tacache de Mina
020,Oaxaca,382,Santa Cruz Tacahua
020,Oaxaca,383,Santa Cruz Tayata
020,Oaxaca,384,Santa Cruz Xitla
020,Oaxaca,385,Santa Cruz Xoxocotlįn
020,Oaxaca,386,Santa Cruz Zenzontepec
020,Oaxaca,387,Santa Gertrudis
020,Oaxaca,388,Santa Inés del Monte
020,Oaxaca,389,Santa Inés Yatzeche
020,Oaxaca,390,Santa Lucķa del Camino
020,Oaxaca,391,Santa Lucķa Miahuatlįn
020,Oaxaca,392,Santa Lucķa Monteverde
020,Oaxaca,393,Santa Lucķa Ocotlįn
020,Oaxaca,394,Santa Marķa Alotepec
020,Oaxaca,395,Santa Marķa Apazco
020,Oaxaca,396,Santa Marķa la Asunción
020,Oaxaca,397,Heroica Ciudad de Tlaxiaco
020,Oaxaca,398,Ayoquezco de Aldama
020,Oaxaca,399,Santa Marķa Atzompa
020,Oaxaca,400,Santa Marķa Camotlįn
020,Oaxaca,401,Santa Marķa Colotepec
020,Oaxaca,402,Santa Marķa Cortijo
020,Oaxaca,403,Santa Marķa Coyotepec
020,Oaxaca,404,Santa Marķa Chachoįpam
020,Oaxaca,405,Villa de Chilapa de Dķaz
020,Oaxaca,406,Santa Marķa Chilchotla
020,Oaxaca,407,Santa Marķa Chimalapa
020,Oaxaca,408,Santa Marķa del Rosario
020,Oaxaca,409,Santa Marķa del Tule
020,Oaxaca,410,Santa Marķa Ecatepec
020,Oaxaca,411,Santa Marķa Guelacé
020,Oaxaca,412,Santa Marķa Guienagati
020,Oaxaca,413,Santa Marķa Huatulco
020,Oaxaca,414,Santa Marķa Huazolotitlįn
020,Oaxaca,415,Santa Marķa Ipalapa
020,Oaxaca,416,Santa Marķa Ixcatlįn
020,Oaxaca,417,Santa Marķa Jacatepec
020,Oaxaca,418,Santa Marķa Jalapa del Marqués
020,Oaxaca,419,Santa Marķa Jaltianguis
020,Oaxaca,420,Santa Marķa Lachixķo
020,Oaxaca,421,Santa Marķa Mixtequilla
020,Oaxaca,422,Santa Marķa Nativitas
020,Oaxaca,423,Santa Marķa Nduayaco
020,Oaxaca,424,Santa Marķa Ozolotepec
020,Oaxaca,425,Santa Marķa Pįpalo
020,Oaxaca,426,Santa Marķa Peńoles
020,Oaxaca,427,Santa Marķa Petapa
020,Oaxaca,428,Santa Marķa Quiegolani
020,Oaxaca,429,Santa Marķa Sola
020,Oaxaca,430,Santa Marķa Tataltepec
020,Oaxaca,431,Santa Marķa Tecomavaca
020,Oaxaca,432,Santa Marķa Temaxcalapa
020,Oaxaca,433,Santa Marķa Temaxcaltepec
020,Oaxaca,434,Santa Marķa Teopoxco
020,Oaxaca,435,Santa Marķa Tepantlali
020,Oaxaca,436,Santa Marķa Texcatitlįn
020,Oaxaca,437,Santa Marķa Tlahuitoltepec
020,Oaxaca,438,Santa Marķa Tlalixtac
020,Oaxaca,439,Santa Marķa Tonameca
020,Oaxaca,440,Santa Marķa Totolapilla
020,Oaxaca,441,Santa Marķa Xadani
020,Oaxaca,442,Santa Marķa Yalina
020,Oaxaca,443,Santa Marķa Yavesķa
020,Oaxaca,444,Santa Marķa Yolotepec
020,Oaxaca,445,Santa Marķa Yosoyśa
020,Oaxaca,446,Santa Marķa Yucuhiti
020,Oaxaca,447,Santa Marķa Zacatepec
020,Oaxaca,448,Santa Marķa Zaniza
020,Oaxaca,449,Santa Marķa Zoquitlįn
020,Oaxaca,450,Santiago Amoltepec
020,Oaxaca,451,Santiago Apoala
020,Oaxaca,452,Santiago Apóstol
020,Oaxaca,453,Santiago Astata
020,Oaxaca,454,Santiago Atitlįn
020,Oaxaca,455,Santiago Ayuquililla
020,Oaxaca,456,Santiago Cacaloxtepec
020,Oaxaca,457,Santiago Camotlįn
020,Oaxaca,458,Santiago Comaltepec
020,Oaxaca,459,Villa de Santiago Chazumba
020,Oaxaca,460,Santiago Choįpam
020,Oaxaca,461,Santiago del Rķo
020,Oaxaca,462,Santiago Huajolotitlįn
020,Oaxaca,463,Santiago Huauclilla
020,Oaxaca,464,Santiago Ihuitlįn Plumas
020,Oaxaca,465,Santiago Ixcuintepec
020,Oaxaca,466,Santiago Ixtayutla
020,Oaxaca,467,Santiago Jamiltepec
020,Oaxaca,468,Santiago Jocotepec
020,Oaxaca,469,Santiago Juxtlahuaca
020,Oaxaca,470,Santiago Lachiguiri
020,Oaxaca,471,Santiago Lalopa
020,Oaxaca,472,Santiago Laollaga
020,Oaxaca,473,Santiago Laxopa
020,Oaxaca,474,Santiago Llano Grande
020,Oaxaca,475,Santiago Matatlįn
020,Oaxaca,476,Santiago Miltepec
020,Oaxaca,477,Santiago Minas
020,Oaxaca,478,Santiago Nacaltepec
020,Oaxaca,479,Santiago Nejapilla
020,Oaxaca,480,Santiago Nundiche
020,Oaxaca,481,Santiago Nuyoó
020,Oaxaca,482,Santiago Pinotepa Nacional
020,Oaxaca,483,Santiago Suchilquitongo
020,Oaxaca,484,Santiago Tamazola
020,Oaxaca,485,Santiago Tapextla
020,Oaxaca,486,Villa Tejśpam de la Unión
020,Oaxaca,487,Santiago Tenango
020,Oaxaca,488,Santiago Tepetlapa
020,Oaxaca,489,Santiago Tetepec
020,Oaxaca,490,Santiago Texcalcingo
020,Oaxaca,491,Santiago Textitlįn
020,Oaxaca,492,Santiago Tilantongo
020,Oaxaca,493,Santiago Tillo
020,Oaxaca,494,Santiago Tlazoyaltepec
020,Oaxaca,495,Santiago Xanica
020,Oaxaca,496,Santiago Xiacuķ
020,Oaxaca,497,Santiago Yaitepec
020,Oaxaca,498,Santiago Yaveo
020,Oaxaca,499,Santiago Yolomécatl
020,Oaxaca,500,Santiago Yosondśa
020,Oaxaca,501,Santiago Yucuyachi
020,Oaxaca,502,Santiago Zacatepec
020,Oaxaca,503,Santiago Zoochila
020,Oaxaca,504,Nuevo Zoquiįpam
020,Oaxaca,505,Santo Domingo Ingenio
020,Oaxaca,506,Santo Domingo Albarradas
020,Oaxaca,507,Santo Domingo Armenta
020,Oaxaca,508,Santo Domingo Chihuitįn
020,Oaxaca,509,Santo Domingo de Morelos
020,Oaxaca,510,Santo Domingo Ixcatlįn
020,Oaxaca,511,Santo Domingo Nuxaį
020,Oaxaca,512,Santo Domingo Ozolotepec
020,Oaxaca,513,Santo Domingo Petapa
020,Oaxaca,514,Santo Domingo Roayaga
020,Oaxaca,515,Santo Domingo Tehuantepec
020,Oaxaca,516,Santo Domingo Teojomulco
020,Oaxaca,517,Santo Domingo Tepuxtepec
020,Oaxaca,518,Santo Domingo Tlatayįpam
020,Oaxaca,519,Santo Domingo Tomaltepec
020,Oaxaca,520,Santo Domingo Tonalį
020,Oaxaca,521,Santo Domingo Tonaltepec
020,Oaxaca,522,Santo Domingo Xagacķa
020,Oaxaca,523,Santo Domingo Yanhuitlįn
020,Oaxaca,524,Santo Domingo Yodohino
020,Oaxaca,525,Santo Domingo Zanatepec
020,Oaxaca,526,Santos Reyes Nopala
020,Oaxaca,527,Santos Reyes Pįpalo
020,Oaxaca,528,Santos Reyes Tepejillo
020,Oaxaca,529,Santos Reyes Yucunį
020,Oaxaca,530,Santo Tomįs Jalieza
020,Oaxaca,531,Santo Tomįs Mazaltepec
020,Oaxaca,532,Santo Tomįs Ocotepec
020,Oaxaca,533,Santo Tomįs Tamazulapan
020,Oaxaca,534,San Vicente Coatlįn
020,Oaxaca,535,San Vicente Lachixķo
020,Oaxaca,536,San Vicente Nuńś
020,Oaxaca,537,Silacayoįpam
020,Oaxaca,538,Sitio de Xitlapehua
020,Oaxaca,539,Soledad Etla
020,Oaxaca,540,Villa de Tamazulįpam del Progreso
020,Oaxaca,541,Tanetze de Zaragoza
020,Oaxaca,542,Taniche
020,Oaxaca,543,Tataltepec de Valdés
020,Oaxaca,544,Teococuilco de Marcos Pérez
020,Oaxaca,545,Teotitlįn de Flores Magón
020,Oaxaca,546,Teotitlįn del Valle
020,Oaxaca,547,Teotongo
020,Oaxaca,548,Tepelmeme Villa de Morelos
020,Oaxaca,549,"Heroica Villa Tezoatlįn de Segura y Luna, Cuna de la Independencia de Oaxaca"
020,Oaxaca,550,San Jerónimo Tlacochahuaya
020,Oaxaca,551,Tlacolula de Matamoros
020,Oaxaca,552,Tlacotepec Plumas
020,Oaxaca,553,Tlalixtac de Cabrera
020,Oaxaca,554,Totontepec Villa de Morelos
020,Oaxaca,555,Trinidad Zaachila
020,Oaxaca,556,La Trinidad Vista Hermosa
020,Oaxaca,557,Unión Hidalgo
020,Oaxaca,558,Valerio Trujano
020,Oaxaca,559,San Juan Bautista Valle Nacional
020,Oaxaca,560,Villa Dķaz Ordaz
020,Oaxaca,561,Yaxe
020,Oaxaca,562,Magdalena Yodocono de Porfirio Dķaz
020,Oaxaca,563,Yogana
020,Oaxaca,564,Yutanduchi de Guerrero
020,Oaxaca,565,Villa de Zaachila
020,Oaxaca,566,San Mateo Yucutindoo
020,Oaxaca,567,Zapotitlįn Lagunas
020,Oaxaca,568,Zapotitlįn Palmas
020,Oaxaca,569,Santa Inés de Zaragoza
020,Oaxaca,570,Zimatlįn de Įlvarez
020,Oaxaca,999,Municipio no especificado
021,Puebla,001,Acajete
021,Puebla,002,Acateno
021,Puebla,003,Acatlįn
021,Puebla,004,Acatzingo
021,Puebla,005,Acteopan
021,Puebla,006,Ahuacatlįn
021,Puebla,007,Ahuatlįn
021,Puebla,008,Ahuazotepec
021,Puebla,009,Ahuehuetitla
021,Puebla,010,Ajalpan
021,Puebla,011,Albino Zertuche
021,Puebla,012,Aljojuca
021,Puebla,013,Altepexi
021,Puebla,014,Amixtlįn
021,Puebla,015,Amozoc
021,Puebla,016,Aquixtla
021,Puebla,017,Atempan
021,Puebla,018,Atexcal
021,Puebla,019,Atlixco
021,Puebla,020,Atoyatempan
021,Puebla,021,Atzala
021,Puebla,022,Atzitzihuacįn
021,Puebla,023,Atzitzintla
021,Puebla,024,Axutla
021,Puebla,025,Ayotoxco de Guerrero
021,Puebla,026,Calpan
021,Puebla,027,Caltepec
021,Puebla,028,Camocuautla
021,Puebla,029,Caxhuacan
021,Puebla,030,Coatepec
021,Puebla,031,Coatzingo
021,Puebla,032,Cohetzala
021,Puebla,033,Cohuecan
021,Puebla,034,Coronango
021,Puebla,035,Coxcatlįn
021,Puebla,036,Coyomeapan
021,Puebla,037,Coyotepec
021,Puebla,038,Cuapiaxtla de Madero
021,Puebla,039,Cuautempan
021,Puebla,040,Cuautinchįn
021,Puebla,041,Cuautlancingo
021,Puebla,042,Cuayuca de Andrade
021,Puebla,043,Cuetzalan del Progreso
021,Puebla,044,Cuyoaco
021,Puebla,045,Chalchicomula de Sesma
021,Puebla,046,Chapulco
021,Puebla,047,Chiautla
021,Puebla,048,Chiautzingo
021,Puebla,049,Chiconcuautla
021,Puebla,050,Chichiquila
021,Puebla,051,Chietla
021,Puebla,052,Chigmecatitlįn
021,Puebla,053,Chignahuapan
021,Puebla,054,Chignautla
021,Puebla,055,Chila
021,Puebla,056,Chila de la Sal
021,Puebla,057,Honey
021,Puebla,058,Chilchotla
021,Puebla,059,Chinantla
021,Puebla,060,Domingo Arenas
021,Puebla,061,Eloxochitlįn
021,Puebla,062,Epatlįn
021,Puebla,063,Esperanza
021,Puebla,064,Francisco Z. Mena
021,Puebla,065,General Felipe Įngeles
021,Puebla,066,Guadalupe
021,Puebla,067,Guadalupe Victoria
021,Puebla,068,Hermenegildo Galeana
021,Puebla,069,Huaquechula
021,Puebla,070,Huatlatlauca
021,Puebla,071,Huauchinango
021,Puebla,072,Huehuetla
021,Puebla,073,Huehuetlįn el Chico
021,Puebla,074,Huejotzingo
021,Puebla,075,Hueyapan
021,Puebla,076,Hueytamalco
021,Puebla,077,Hueytlalpan
021,Puebla,078,Huitzilan de Serdįn
021,Puebla,079,Huitziltepec
021,Puebla,080,Atlequizayan
021,Puebla,081,Ixcamilpa de Guerrero
021,Puebla,082,Ixcaquixtla
021,Puebla,083,Ixtacamaxtitlįn
021,Puebla,084,Ixtepec
021,Puebla,085,Izścar de Matamoros
021,Puebla,086,Jalpan
021,Puebla,087,Jolalpan
021,Puebla,088,Jonotla
021,Puebla,089,Jopala
021,Puebla,090,Juan C. Bonilla
021,Puebla,091,Juan Galindo
021,Puebla,092,Juan N. Méndez
021,Puebla,093,Lafragua
021,Puebla,094,Libres
021,Puebla,095,La Magdalena Tlatlauquitepec
021,Puebla,096,Mazapiltepec de Juįrez
021,Puebla,097,Mixtla
021,Puebla,098,Molcaxac
021,Puebla,099,Cańada Morelos
021,Puebla,100,Naupan
021,Puebla,101,Nauzontla
021,Puebla,102,Nealtican
021,Puebla,103,Nicolįs Bravo
021,Puebla,104,Nopalucan
021,Puebla,105,Ocotepec
021,Puebla,106,Ocoyucan
021,Puebla,107,Olintla
021,Puebla,108,Oriental
021,Puebla,109,Pahuatlįn
021,Puebla,110,Palmar de Bravo
021,Puebla,111,Pantepec
021,Puebla,112,Petlalcingo
021,Puebla,113,Piaxtla
021,Puebla,114,Puebla
021,Puebla,115,Quecholac
021,Puebla,116,Quimixtlįn
021,Puebla,117,Rafael Lara Grajales
021,Puebla,118,Los Reyes de Juįrez
021,Puebla,119,San Andrés Cholula
021,Puebla,120,San Antonio Cańada
021,Puebla,121,San Diego la Mesa Tochimiltzingo
021,Puebla,122,San Felipe Teotlalcingo
021,Puebla,123,San Felipe Tepatlįn
021,Puebla,124,San Gabriel Chilac
021,Puebla,125,San Gregorio Atzompa
021,Puebla,126,San Jerónimo Tecuanipan
021,Puebla,127,San Jerónimo Xayacatlįn
021,Puebla,128,San José Chiapa
021,Puebla,129,San José Miahuatlįn
021,Puebla,130,San Juan Atenco
021,Puebla,131,San Juan Atzompa
021,Puebla,132,San Martķn Texmelucan
021,Puebla,133,San Martķn Totoltepec
021,Puebla,134,San Matķas Tlalancaleca
021,Puebla,135,San Miguel Ixitlįn
021,Puebla,136,San Miguel Xoxtla
021,Puebla,137,San Nicolįs Buenos Aires
021,Puebla,138,San Nicolįs de los Ranchos
021,Puebla,139,San Pablo Anicano
021,Puebla,140,San Pedro Cholula
021,Puebla,141,San Pedro Yeloixtlahuaca
021,Puebla,142,San Salvador el Seco
021,Puebla,143,San Salvador el Verde
021,Puebla,144,San Salvador Huixcolotla
021,Puebla,145,San Sebastiįn Tlacotepec
021,Puebla,146,Santa Catarina Tlaltempan
021,Puebla,147,Santa Inés Ahuatempan
021,Puebla,148,Santa Isabel Cholula
021,Puebla,149,Santiago Miahuatlįn
021,Puebla,150,Huehuetlįn el Grande
021,Puebla,151,Santo Tomįs Hueyotlipan
021,Puebla,152,Soltepec
021,Puebla,153,Tecali de Herrera
021,Puebla,154,Tecamachalco
021,Puebla,155,Tecomatlįn
021,Puebla,156,Tehuacįn
021,Puebla,157,Tehuitzingo
021,Puebla,158,Tenampulco
021,Puebla,159,Teopantlįn
021,Puebla,160,Teotlalco
021,Puebla,161,Tepanco de López
021,Puebla,162,Tepango de Rodrķguez
021,Puebla,163,Tepatlaxco de Hidalgo
021,Puebla,164,Tepeaca
021,Puebla,165,Tepemaxalco
021,Puebla,166,Tepeojuma
021,Puebla,167,Tepetzintla
021,Puebla,168,Tepexco
021,Puebla,169,Tepexi de Rodrķguez
021,Puebla,170,Tepeyahualco
021,Puebla,171,Tepeyahualco de Cuauhtémoc
021,Puebla,172,Tetela de Ocampo
021,Puebla,173,Teteles de Įvila Castillo
021,Puebla,174,Teziutlįn
021,Puebla,175,Tianguismanalco
021,Puebla,176,Tilapa
021,Puebla,177,Tlacotepec de Benito Juįrez
021,Puebla,178,Tlacuilotepec
021,Puebla,179,Tlachichuca
021,Puebla,180,Tlahuapan
021,Puebla,181,Tlaltenango
021,Puebla,182,Tlanepantla
021,Puebla,183,Tlaola
021,Puebla,184,Tlapacoya
021,Puebla,185,Tlapanalį
021,Puebla,186,Tlatlauquitepec
021,Puebla,187,Tlaxco
021,Puebla,188,Tochimilco
021,Puebla,189,Tochtepec
021,Puebla,190,Totoltepec de Guerrero
021,Puebla,191,Tulcingo
021,Puebla,192,Tuzamapan de Galeana
021,Puebla,193,Tzicatlacoyan
021,Puebla,194,Venustiano Carranza
021,Puebla,195,Vicente Guerrero
021,Puebla,196,Xayacatlįn de Bravo
021,Puebla,197,Xicotepec
021,Puebla,198,Xicotlįn
021,Puebla,199,Xiutetelco
021,Puebla,200,Xochiapulco
021,Puebla,201,Xochiltepec
021,Puebla,202,Xochitlįn de Vicente Suįrez
021,Puebla,203,Xochitlįn Todos Santos
021,Puebla,204,Yaonįhuac
021,Puebla,205,Yehualtepec
021,Puebla,206,Zacapala
021,Puebla,207,Zacapoaxtla
021,Puebla,208,Zacatlįn
021,Puebla,209,Zapotitlįn
021,Puebla,210,Zapotitlįn de Méndez
021,Puebla,211,Zaragoza
021,Puebla,212,Zautla
021,Puebla,213,Zihuateutla
021,Puebla,214,Zinacatepec
021,Puebla,215,Zongozotla
021,Puebla,216,Zoquiapan
021,Puebla,217,Zoquitlįn
021,Puebla,999,Municipio no especificado
022,Querétaro,001,Amealco de Bonfil
022,Querétaro,002,Pinal de Amoles
022,Querétaro,003,Arroyo Seco
022,Querétaro,004,Cadereyta de Montes
022,Querétaro,005,Colón
022,Querétaro,006,Corregidora
022,Querétaro,007,Ezequiel Montes
022,Querétaro,008,Huimilpan
022,Querétaro,009,Jalpan de Serra
022,Querétaro,010,Landa de Matamoros
022,Querétaro,011,El Marqués
022,Querétaro,012,Pedro Escobedo
022,Querétaro,013,Peńamiller
022,Querétaro,014,Querétaro
022,Querétaro,015,San Joaquķn
022,Querétaro,016,San Juan del Rķo
022,Querétaro,017,Tequisquiapan
022,Querétaro,018,Tolimįn
022,Querétaro,999,Municipio no especificado
023,Quintana Roo,001,Cozumel
023,Quintana Roo,002,Felipe Carrillo Puerto
023,Quintana Roo,003,Isla Mujeres
023,Quintana Roo,004,Othón P. Blanco
023,Quintana Roo,005,Benito Juįrez
023,Quintana Roo,006,José Marķa Morelos
023,Quintana Roo,007,Lįzaro Cįrdenas
023,Quintana Roo,008,Solidaridad
023,Quintana Roo,009,Tulum
023,Quintana Roo,010,Bacalar
023,Quintana Roo,011,Puerto Morelos
023,Quintana Roo,999,Municipio no especificado
024,San Luis Potosķ,001,Ahualulco
024,San Luis Potosķ,002,Alaquines
024,San Luis Potosķ,003,Aquismón
024,San Luis Potosķ,004,Armadillo de los Infante
024,San Luis Potosķ,005,Cįrdenas
024,San Luis Potosķ,006,Catorce
024,San Luis Potosķ,007,Cedral
024,San Luis Potosķ,008,Cerritos
024,San Luis Potosķ,009,Cerro de San Pedro
024,San Luis Potosķ,010,Ciudad del Maķz
024,San Luis Potosķ,011,Ciudad Fernįndez
024,San Luis Potosķ,012,Tancanhuitz
024,San Luis Potosķ,013,Ciudad Valles
024,San Luis Potosķ,014,Coxcatlįn
024,San Luis Potosķ,015,Charcas
024,San Luis Potosķ,016,Ebano
024,San Luis Potosķ,017,Guadalcįzar
024,San Luis Potosķ,018,Huehuetlįn
024,San Luis Potosķ,019,Lagunillas
024,San Luis Potosķ,020,Matehuala
024,San Luis Potosķ,021,Mexquitic de Carmona
024,San Luis Potosķ,022,Moctezuma
024,San Luis Potosķ,023,Rayón
024,San Luis Potosķ,024,Rioverde
024,San Luis Potosķ,025,Salinas
024,San Luis Potosķ,026,San Antonio
024,San Luis Potosķ,027,San Ciro de Acosta
024,San Luis Potosķ,028,San Luis Potosķ
024,San Luis Potosķ,029,San Martķn Chalchicuautla
024,San Luis Potosķ,030,San Nicolįs Tolentino
024,San Luis Potosķ,031,Santa Catarina
024,San Luis Potosķ,032,Santa Marķa del Rķo
024,San Luis Potosķ,033,Santo Domingo
024,San Luis Potosķ,034,San Vicente Tancuayalab
024,San Luis Potosķ,035,Soledad de Graciano Sįnchez
024,San Luis Potosķ,036,Tamasopo
024,San Luis Potosķ,037,Tamazunchale
024,San Luis Potosķ,038,Tampacįn
024,San Luis Potosķ,039,Tampamolón Corona
024,San Luis Potosķ,040,Tamuķn
024,San Luis Potosķ,041,Tanlajįs
024,San Luis Potosķ,042,Tanquiįn de Escobedo
024,San Luis Potosķ,043,Tierra Nueva
024,San Luis Potosķ,044,Vanegas
024,San Luis Potosķ,045,Venado
024,San Luis Potosķ,046,Villa de Arriaga
024,San Luis Potosķ,047,Villa de Guadalupe
024,San Luis Potosķ,048,Villa de la Paz
024,San Luis Potosķ,049,Villa de Ramos
024,San Luis Potosķ,050,Villa de Reyes
024,San Luis Potosķ,051,Villa Hidalgo
024,San Luis Potosķ,052,Villa Juįrez
024,San Luis Potosķ,053,Axtla de Terrazas
024,San Luis Potosķ,054,Xilitla
024,San Luis Potosķ,055,Zaragoza
024,San Luis Potosķ,056,Villa de Arista
024,San Luis Potosķ,057,Matlapa
024,San Luis Potosķ,058,El Naranjo
024,San Luis Potosķ,999,Municipio no especificado
025,Sinaloa,001,Ahome
025,Sinaloa,002,Angostura
025,Sinaloa,003,Badiraguato
025,Sinaloa,004,Concordia
025,Sinaloa,005,Cosalį
025,Sinaloa,006,Culiacįn
025,Sinaloa,007,Choix
025,Sinaloa,008,Elota
025,Sinaloa,009,Escuinapa
025,Sinaloa,010,El Fuerte
025,Sinaloa,011,Guasave
025,Sinaloa,012,Mazatlįn
025,Sinaloa,013,Mocorito
025,Sinaloa,014,Rosario
025,Sinaloa,015,Salvador Alvarado
025,Sinaloa,016,San Ignacio
025,Sinaloa,017,Sinaloa
025,Sinaloa,018,Navolato
025,Sinaloa,999,Municipio no especificado
026,Sonora,001,Aconchi
026,Sonora,002,Agua Prieta
026,Sonora,003,Alamos
026,Sonora,004,Altar
026,Sonora,005,Arivechi
026,Sonora,006,Arizpe
026,Sonora,007,Atil
026,Sonora,008,Bacadéhuachi
026,Sonora,009,Bacanora
026,Sonora,010,Bacerac
026,Sonora,011,Bacoachi
026,Sonora,012,Bįcum
026,Sonora,013,Banįmichi
026,Sonora,014,Baviįcora
026,Sonora,015,Bavispe
026,Sonora,016,Benjamķn Hill
026,Sonora,017,Caborca
026,Sonora,018,Cajeme
026,Sonora,019,Cananea
026,Sonora,020,Carbó
026,Sonora,021,La Colorada
026,Sonora,022,Cucurpe
026,Sonora,023,Cumpas
026,Sonora,024,Divisaderos
026,Sonora,025,Empalme
026,Sonora,026,Etchojoa
026,Sonora,027,Fronteras
026,Sonora,028,Granados
026,Sonora,029,Guaymas
026,Sonora,030,Hermosillo
026,Sonora,031,Huachinera
026,Sonora,032,Huįsabas
026,Sonora,033,Huatabampo
026,Sonora,034,Huépac
026,Sonora,035,Imuris
026,Sonora,036,Magdalena
026,Sonora,037,Mazatįn
026,Sonora,038,Moctezuma
026,Sonora,039,Naco
026,Sonora,040,Nįcori Chico
026,Sonora,041,Nacozari de Garcķa
026,Sonora,042,Navojoa
026,Sonora,043,Nogales
026,Sonora,044,Ónavas
026,Sonora,045,Opodepe
026,Sonora,046,Oquitoa
026,Sonora,047,Pitiquito
026,Sonora,048,Puerto Peńasco
026,Sonora,049,Quiriego
026,Sonora,050,Rayón
026,Sonora,051,Rosario
026,Sonora,052,Sahuaripa
026,Sonora,053,San Felipe de Jesśs
026,Sonora,054,San Javier
026,Sonora,055,San Luis Rķo Colorado
026,Sonora,056,San Miguel de Horcasitas
026,Sonora,057,San Pedro de la Cueva
026,Sonora,058,Santa Ana
026,Sonora,059,Santa Cruz
026,Sonora,060,Sįric
026,Sonora,061,Soyopa
026,Sonora,062,Suaqui Grande
026,Sonora,063,Tepache
026,Sonora,064,Trincheras
026,Sonora,065,Tubutama
026,Sonora,066,Ures
026,Sonora,067,Villa Hidalgo
026,Sonora,068,Villa Pesqueira
026,Sonora,069,Yécora
026,Sonora,070,General Plutarco Elķas Calles
026,Sonora,071,Benito Juįrez
026,Sonora,072,San Ignacio Rķo Muerto
026,Sonora,999,Municipio no especificado
027,Tabasco,001,Balancįn
027,Tabasco,002,Cįrdenas
027,Tabasco,003,Centla
027,Tabasco,004,Centro
027,Tabasco,005,Comalcalco
027,Tabasco,006,Cunduacįn
027,Tabasco,007,Emiliano Zapata
027,Tabasco,008,Huimanguillo
027,Tabasco,009,Jalapa
027,Tabasco,010,Jalpa de Méndez
027,Tabasco,011,Jonuta
027,Tabasco,012,Macuspana
027,Tabasco,013,Nacajuca
027,Tabasco,014,Paraķso
027,Tabasco,015,Tacotalpa
027,Tabasco,016,Teapa
027,Tabasco,017,Tenosique
027,Tabasco,999,Municipio no especificado
028,Tamaulipas,001,Abasolo
028,Tamaulipas,002,Aldama
028,Tamaulipas,003,Altamira
028,Tamaulipas,004,Antiguo Morelos
028,Tamaulipas,005,Burgos
028,Tamaulipas,006,Bustamante
028,Tamaulipas,007,Camargo
028,Tamaulipas,008,Casas
028,Tamaulipas,009,Ciudad Madero
028,Tamaulipas,010,Cruillas
028,Tamaulipas,011,Gómez Farķas
028,Tamaulipas,012,Gonzįlez
028,Tamaulipas,013,Güémez
028,Tamaulipas,014,Guerrero
028,Tamaulipas,015,Gustavo Dķaz Ordaz
028,Tamaulipas,016,Hidalgo
028,Tamaulipas,017,Jaumave
028,Tamaulipas,018,Jiménez
028,Tamaulipas,019,Llera
028,Tamaulipas,020,Mainero
028,Tamaulipas,021,El Mante
028,Tamaulipas,022,Matamoros
028,Tamaulipas,023,Méndez
028,Tamaulipas,024,Mier
028,Tamaulipas,025,Miguel Alemįn
028,Tamaulipas,026,Miquihuana
028,Tamaulipas,027,Nuevo Laredo
028,Tamaulipas,028,Nuevo Morelos
028,Tamaulipas,029,Ocampo
028,Tamaulipas,030,Padilla
028,Tamaulipas,031,Palmillas
028,Tamaulipas,032,Reynosa
028,Tamaulipas,033,Rķo Bravo
028,Tamaulipas,034,San Carlos
028,Tamaulipas,035,San Fernando
028,Tamaulipas,036,San Nicolįs
028,Tamaulipas,037,Soto la Marina
028,Tamaulipas,038,Tampico
028,Tamaulipas,039,Tula
028,Tamaulipas,040,Valle Hermoso
028,Tamaulipas,041,Victoria
028,Tamaulipas,042,Villagrįn
028,Tamaulipas,043,Xicoténcatl
028,Tamaulipas,999,Municipio no especificado
029,Tlaxcala,001,Amaxac de Guerrero
029,Tlaxcala,002,Apetatitlįn de Antonio Carvajal
029,Tlaxcala,003,Atlangatepec
029,Tlaxcala,004,Atltzayanca
029,Tlaxcala,005,Apizaco
029,Tlaxcala,006,Calpulalpan
029,Tlaxcala,007,El Carmen Tequexquitla
029,Tlaxcala,008,Cuapiaxtla
029,Tlaxcala,009,Cuaxomulco
029,Tlaxcala,010,Chiautempan
029,Tlaxcala,011,Muńoz de Domingo Arenas
029,Tlaxcala,012,Espańita
029,Tlaxcala,013,Huamantla
029,Tlaxcala,014,Hueyotlipan
029,Tlaxcala,015,Ixtacuixtla de Mariano Matamoros
029,Tlaxcala,016,Ixtenco
029,Tlaxcala,017,Mazatecochco de José Marķa Morelos
029,Tlaxcala,018,Contla de Juan Cuamatzi
029,Tlaxcala,019,Tepetitla de Lardizįbal
029,Tlaxcala,020,Sanctórum de Lįzaro Cįrdenas
029,Tlaxcala,021,Nanacamilpa de Mariano Arista
029,Tlaxcala,022,Acuamanala de Miguel Hidalgo
029,Tlaxcala,023,Natķvitas
029,Tlaxcala,024,Panotla
029,Tlaxcala,025,San Pablo del Monte
029,Tlaxcala,026,Santa Cruz Tlaxcala
029,Tlaxcala,027,Tenancingo
029,Tlaxcala,028,Teolocholco
029,Tlaxcala,029,Tepeyanco
029,Tlaxcala,030,Terrenate
029,Tlaxcala,031,Tetla de la Solidaridad
029,Tlaxcala,032,Tetlatlahuca
029,Tlaxcala,033,Tlaxcala
029,Tlaxcala,034,Tlaxco
029,Tlaxcala,035,Tocatlįn
029,Tlaxcala,036,Totolac
029,Tlaxcala,037,Ziltlaltépec de Trinidad Sįnchez Santos
029,Tlaxcala,038,Tzompantepec
029,Tlaxcala,039,Xaloztoc
029,Tlaxcala,040,Xaltocan
029,Tlaxcala,041,Papalotla de Xicohténcatl
029,Tlaxcala,042,Xicohtzinco
029,Tlaxcala,043,Yauhquemehcan
029,Tlaxcala,044,Zacatelco
029,Tlaxcala,045,Benito Juįrez
029,Tlaxcala,046,Emiliano Zapata
029,Tlaxcala,047,Lįzaro Cįrdenas
029,Tlaxcala,048,La Magdalena Tlaltelulco
029,Tlaxcala,049,San Damiįn Texóloc
029,Tlaxcala,050,San Francisco Tetlanohcan
029,Tlaxcala,051,San Jerónimo Zacualpan
029,Tlaxcala,052,San José Teacalco
029,Tlaxcala,053,San Juan Huactzinco
029,Tlaxcala,054,San Lorenzo Axocomanitla
029,Tlaxcala,055,San Lucas Tecopilco
029,Tlaxcala,056,Santa Ana Nopalucan
029,Tlaxcala,057,Santa Apolonia Teacalco
029,Tlaxcala,058,Santa Catarina Ayometla
029,Tlaxcala,059,Santa Cruz Quilehtla
029,Tlaxcala,060,Santa Isabel Xiloxoxtla
029,Tlaxcala,999,Municipio no especificado
030,Veracruz de Ignacio de la Llave,001,Acajete
030,Veracruz de Ignacio de la Llave,002,Acatlįn
030,Veracruz de Ignacio de la Llave,003,Acayucan
030,Veracruz de Ignacio de la Llave,004,Actopan
030,Veracruz de Ignacio de la Llave,005,Acula
030,Veracruz de Ignacio de la Llave,006,Acultzingo
030,Veracruz de Ignacio de la Llave,007,Camarón de Tejeda
030,Veracruz de Ignacio de la Llave,008,Alpatlįhuac
030,Veracruz de Ignacio de la Llave,009,Alto Lucero de Gutiérrez Barrios
030,Veracruz de Ignacio de la Llave,010,Altotonga
030,Veracruz de Ignacio de la Llave,011,Alvarado
030,Veracruz de Ignacio de la Llave,012,Amatitlįn
030,Veracruz de Ignacio de la Llave,013,Naranjos Amatlįn
030,Veracruz de Ignacio de la Llave,014,Amatlįn de los Reyes
030,Veracruz de Ignacio de la Llave,015,Angel R. Cabada
030,Veracruz de Ignacio de la Llave,016,La Antigua
030,Veracruz de Ignacio de la Llave,017,Apazapan
030,Veracruz de Ignacio de la Llave,018,Aquila
030,Veracruz de Ignacio de la Llave,019,Astacinga
030,Veracruz de Ignacio de la Llave,020,Atlahuilco
030,Veracruz de Ignacio de la Llave,021,Atoyac
030,Veracruz de Ignacio de la Llave,022,Atzacan
030,Veracruz de Ignacio de la Llave,023,Atzalan
030,Veracruz de Ignacio de la Llave,024,Tlaltetela
030,Veracruz de Ignacio de la Llave,025,Ayahualulco
030,Veracruz de Ignacio de la Llave,026,Banderilla
030,Veracruz de Ignacio de la Llave,027,Benito Juįrez
030,Veracruz de Ignacio de la Llave,028,Boca del Rķo
030,Veracruz de Ignacio de la Llave,029,Calcahualco
030,Veracruz de Ignacio de la Llave,030,Camerino Z. Mendoza
030,Veracruz de Ignacio de la Llave,031,Carrillo Puerto
030,Veracruz de Ignacio de la Llave,032,Catemaco
030,Veracruz de Ignacio de la Llave,033,Cazones de Herrera
030,Veracruz de Ignacio de la Llave,034,Cerro Azul
030,Veracruz de Ignacio de la Llave,035,Citlaltépetl
030,Veracruz de Ignacio de la Llave,036,Coacoatzintla
030,Veracruz de Ignacio de la Llave,037,Coahuitlįn
030,Veracruz de Ignacio de la Llave,038,Coatepec
030,Veracruz de Ignacio de la Llave,039,Coatzacoalcos
030,Veracruz de Ignacio de la Llave,040,Coatzintla
030,Veracruz de Ignacio de la Llave,041,Coetzala
030,Veracruz de Ignacio de la Llave,042,Colipa
030,Veracruz de Ignacio de la Llave,043,Comapa
030,Veracruz de Ignacio de la Llave,044,Córdoba
030,Veracruz de Ignacio de la Llave,045,Cosamaloapan de Carpio
030,Veracruz de Ignacio de la Llave,046,Cosautlįn de Carvajal
030,Veracruz de Ignacio de la Llave,047,Coscomatepec
030,Veracruz de Ignacio de la Llave,048,Cosoleacaque
030,Veracruz de Ignacio de la Llave,049,Cotaxtla
030,Veracruz de Ignacio de la Llave,050,Coxquihui
030,Veracruz de Ignacio de la Llave,051,Coyutla
030,Veracruz de Ignacio de la Llave,052,Cuichapa
030,Veracruz de Ignacio de la Llave,053,Cuitlįhuac
030,Veracruz de Ignacio de la Llave,054,Chacaltianguis
030,Veracruz de Ignacio de la Llave,055,Chalma
030,Veracruz de Ignacio de la Llave,056,Chiconamel
030,Veracruz de Ignacio de la Llave,057,Chiconquiaco
030,Veracruz de Ignacio de la Llave,058,Chicontepec
030,Veracruz de Ignacio de la Llave,059,Chinameca
030,Veracruz de Ignacio de la Llave,060,Chinampa de Gorostiza
030,Veracruz de Ignacio de la Llave,061,Las Choapas
030,Veracruz de Ignacio de la Llave,062,Chocamįn
030,Veracruz de Ignacio de la Llave,063,Chontla
030,Veracruz de Ignacio de la Llave,064,Chumatlįn
030,Veracruz de Ignacio de la Llave,065,Emiliano Zapata
030,Veracruz de Ignacio de la Llave,066,Espinal
030,Veracruz de Ignacio de la Llave,067,Filomeno Mata
030,Veracruz de Ignacio de la Llave,068,Fortķn
030,Veracruz de Ignacio de la Llave,069,Gutiérrez Zamora
030,Veracruz de Ignacio de la Llave,070,Hidalgotitlįn
030,Veracruz de Ignacio de la Llave,071,Huatusco
030,Veracruz de Ignacio de la Llave,072,Huayacocotla
030,Veracruz de Ignacio de la Llave,073,Hueyapan de Ocampo
030,Veracruz de Ignacio de la Llave,074,Huiloapan de Cuauhtémoc
030,Veracruz de Ignacio de la Llave,075,Ignacio de la Llave
030,Veracruz de Ignacio de la Llave,076,Ilamatlįn
030,Veracruz de Ignacio de la Llave,077,Isla
030,Veracruz de Ignacio de la Llave,078,Ixcatepec
030,Veracruz de Ignacio de la Llave,079,Ixhuacįn de los Reyes
030,Veracruz de Ignacio de la Llave,080,Ixhuatlįn del Café
030,Veracruz de Ignacio de la Llave,081,Ixhuatlancillo
030,Veracruz de Ignacio de la Llave,082,Ixhuatlįn del Sureste
030,Veracruz de Ignacio de la Llave,083,Ixhuatlįn de Madero
030,Veracruz de Ignacio de la Llave,084,Ixmatlahuacan
030,Veracruz de Ignacio de la Llave,085,Ixtaczoquitlįn
030,Veracruz de Ignacio de la Llave,086,Jalacingo
030,Veracruz de Ignacio de la Llave,087,Xalapa
030,Veracruz de Ignacio de la Llave,088,Jalcomulco
030,Veracruz de Ignacio de la Llave,089,Jįltipan
030,Veracruz de Ignacio de la Llave,090,Jamapa
030,Veracruz de Ignacio de la Llave,091,Jesśs Carranza
030,Veracruz de Ignacio de la Llave,092,Xico
030,Veracruz de Ignacio de la Llave,093,Jilotepec
030,Veracruz de Ignacio de la Llave,094,Juan Rodrķguez Clara
030,Veracruz de Ignacio de la Llave,095,Juchique de Ferrer
030,Veracruz de Ignacio de la Llave,096,Landero y Coss
030,Veracruz de Ignacio de la Llave,097,Lerdo de Tejada
030,Veracruz de Ignacio de la Llave,098,Magdalena
030,Veracruz de Ignacio de la Llave,099,Maltrata
030,Veracruz de Ignacio de la Llave,100,Manlio Fabio Altamirano
030,Veracruz de Ignacio de la Llave,101,Mariano Escobedo
030,Veracruz de Ignacio de la Llave,102,Martķnez de la Torre
030,Veracruz de Ignacio de la Llave,103,Mecatlįn
030,Veracruz de Ignacio de la Llave,104,Mecayapan
030,Veracruz de Ignacio de la Llave,105,Medellķn de Bravo
030,Veracruz de Ignacio de la Llave,106,Miahuatlįn
030,Veracruz de Ignacio de la Llave,107,Las Minas
030,Veracruz de Ignacio de la Llave,108,Minatitlįn
030,Veracruz de Ignacio de la Llave,109,Misantla
030,Veracruz de Ignacio de la Llave,110,Mixtla de Altamirano
030,Veracruz de Ignacio de la Llave,111,Moloacįn
030,Veracruz de Ignacio de la Llave,112,Naolinco
030,Veracruz de Ignacio de la Llave,113,Naranjal
030,Veracruz de Ignacio de la Llave,114,Nautla
030,Veracruz de Ignacio de la Llave,115,Nogales
030,Veracruz de Ignacio de la Llave,116,Oluta
030,Veracruz de Ignacio de la Llave,117,Omealca
030,Veracruz de Ignacio de la Llave,118,Orizaba
030,Veracruz de Ignacio de la Llave,119,Otatitlįn
030,Veracruz de Ignacio de la Llave,120,Oteapan
030,Veracruz de Ignacio de la Llave,121,Ozuluama de Mascareńas
030,Veracruz de Ignacio de la Llave,122,Pajapan
030,Veracruz de Ignacio de la Llave,123,Pįnuco
030,Veracruz de Ignacio de la Llave,124,Papantla
030,Veracruz de Ignacio de la Llave,125,Paso del Macho
030,Veracruz de Ignacio de la Llave,126,Paso de Ovejas
030,Veracruz de Ignacio de la Llave,127,La Perla
030,Veracruz de Ignacio de la Llave,128,Perote
030,Veracruz de Ignacio de la Llave,129,Platón Sįnchez
030,Veracruz de Ignacio de la Llave,130,Playa Vicente
030,Veracruz de Ignacio de la Llave,131,Poza Rica de Hidalgo
030,Veracruz de Ignacio de la Llave,132,Las Vigas de Ramķrez
030,Veracruz de Ignacio de la Llave,133,Pueblo Viejo
030,Veracruz de Ignacio de la Llave,134,Puente Nacional
030,Veracruz de Ignacio de la Llave,135,Rafael Delgado
030,Veracruz de Ignacio de la Llave,136,Rafael Lucio
030,Veracruz de Ignacio de la Llave,137,Los Reyes
030,Veracruz de Ignacio de la Llave,138,Rķo Blanco
030,Veracruz de Ignacio de la Llave,139,Saltabarranca
030,Veracruz de Ignacio de la Llave,140,San Andrés Tenejapan
030,Veracruz de Ignacio de la Llave,141,San Andrés Tuxtla
030,Veracruz de Ignacio de la Llave,142,San Juan Evangelista
030,Veracruz de Ignacio de la Llave,143,Santiago Tuxtla
030,Veracruz de Ignacio de la Llave,144,Sayula de Alemįn
030,Veracruz de Ignacio de la Llave,145,Soconusco
030,Veracruz de Ignacio de la Llave,146,Sochiapa
030,Veracruz de Ignacio de la Llave,147,Soledad Atzompa
030,Veracruz de Ignacio de la Llave,148,Soledad de Doblado
030,Veracruz de Ignacio de la Llave,149,Soteapan
030,Veracruz de Ignacio de la Llave,150,Tamalķn
030,Veracruz de Ignacio de la Llave,151,Tamiahua
030,Veracruz de Ignacio de la Llave,152,Tampico Alto
030,Veracruz de Ignacio de la Llave,153,Tancoco
030,Veracruz de Ignacio de la Llave,154,Tantima
030,Veracruz de Ignacio de la Llave,155,Tantoyuca
030,Veracruz de Ignacio de la Llave,156,Tatatila
030,Veracruz de Ignacio de la Llave,157,Castillo de Teayo
030,Veracruz de Ignacio de la Llave,158,Tecolutla
030,Veracruz de Ignacio de la Llave,159,Tehuipango
030,Veracruz de Ignacio de la Llave,160,Įlamo Temapache
030,Veracruz de Ignacio de la Llave,161,Tempoal
030,Veracruz de Ignacio de la Llave,162,Tenampa
030,Veracruz de Ignacio de la Llave,163,Tenochtitlįn
030,Veracruz de Ignacio de la Llave,164,Teocelo
030,Veracruz de Ignacio de la Llave,165,Tepatlaxco
030,Veracruz de Ignacio de la Llave,166,Tepetlįn
030,Veracruz de Ignacio de la Llave,167,Tepetzintla
030,Veracruz de Ignacio de la Llave,168,Tequila
030,Veracruz de Ignacio de la Llave,169,José Azueta
030,Veracruz de Ignacio de la Llave,170,Texcatepec
030,Veracruz de Ignacio de la Llave,171,Texhuacįn
030,Veracruz de Ignacio de la Llave,172,Texistepec
030,Veracruz de Ignacio de la Llave,173,Tezonapa
030,Veracruz de Ignacio de la Llave,174,Tierra Blanca
030,Veracruz de Ignacio de la Llave,175,Tihuatlįn
030,Veracruz de Ignacio de la Llave,176,Tlacojalpan
030,Veracruz de Ignacio de la Llave,177,Tlacolulan
030,Veracruz de Ignacio de la Llave,178,Tlacotalpan
030,Veracruz de Ignacio de la Llave,179,Tlacotepec de Mejķa
030,Veracruz de Ignacio de la Llave,180,Tlachichilco
030,Veracruz de Ignacio de la Llave,181,Tlalixcoyan
030,Veracruz de Ignacio de la Llave,182,Tlalnelhuayocan
030,Veracruz de Ignacio de la Llave,183,Tlapacoyan
030,Veracruz de Ignacio de la Llave,184,Tlaquilpa
030,Veracruz de Ignacio de la Llave,185,Tlilapan
030,Veracruz de Ignacio de la Llave,186,Tomatlįn
030,Veracruz de Ignacio de la Llave,187,Tonayįn
030,Veracruz de Ignacio de la Llave,188,Totutla
030,Veracruz de Ignacio de la Llave,189,Tuxpan
030,Veracruz de Ignacio de la Llave,190,Tuxtilla
030,Veracruz de Ignacio de la Llave,191,Ursulo Galvįn
030,Veracruz de Ignacio de la Llave,192,Vega de Alatorre
030,Veracruz de Ignacio de la Llave,193,Veracruz
030,Veracruz de Ignacio de la Llave,194,Villa Aldama
030,Veracruz de Ignacio de la Llave,195,Xoxocotla
030,Veracruz de Ignacio de la Llave,196,Yanga
030,Veracruz de Ignacio de la Llave,197,Yecuatla
030,Veracruz de Ignacio de la Llave,198,Zacualpan
030,Veracruz de Ignacio de la Llave,199,Zaragoza
030,Veracruz de Ignacio de la Llave,200,Zentla
030,Veracruz de Ignacio de la Llave,201,Zongolica
030,Veracruz de Ignacio de la Llave,202,Zontecomatlįn de López y Fuentes
030,Veracruz de Ignacio de la Llave,203,Zozocolco de Hidalgo
030,Veracruz de Ignacio de la Llave,204,Agua Dulce
030,Veracruz de Ignacio de la Llave,205,El Higo
030,Veracruz de Ignacio de la Llave,206,Nanchital de Lįzaro Cįrdenas del Rķo
030,Veracruz de Ignacio de la Llave,207,Tres Valles
030,Veracruz de Ignacio de la Llave,208,Carlos A. Carrillo
030,Veracruz de Ignacio de la Llave,209,Tatahuicapan de Juįrez
030,Veracruz de Ignacio de la Llave,210,Uxpanapa
030,Veracruz de Ignacio de la Llave,211,San Rafael
030,Veracruz de Ignacio de la Llave,212,Santiago Sochiapan
030,Veracruz de Ignacio de la Llave,999,Municipio no especificado
031,Yucatįn,001,Abalį
031,Yucatįn,002,Acanceh
031,Yucatįn,003,Akil
031,Yucatįn,004,Baca
031,Yucatįn,005,Bokobį
031,Yucatįn,006,Buctzotz
031,Yucatįn,007,Cacalchén
031,Yucatįn,008,Calotmul
031,Yucatįn,009,Cansahcab
031,Yucatįn,010,Cantamayec
031,Yucatįn,011,Celestśn
031,Yucatįn,012,Cenotillo
031,Yucatįn,013,Conkal
031,Yucatįn,014,Cuncunul
031,Yucatįn,015,Cuzamį
031,Yucatįn,016,Chacsinkķn
031,Yucatįn,017,Chankom
031,Yucatįn,018,Chapab
031,Yucatįn,019,Chemax
031,Yucatįn,020,Chicxulub Pueblo
031,Yucatįn,021,Chichimilį
031,Yucatįn,022,Chikindzonot
031,Yucatįn,023,Chocholį
031,Yucatįn,024,Chumayel
031,Yucatįn,025,Dzįn
031,Yucatįn,026,Dzemul
031,Yucatįn,027,Dzidzantśn
031,Yucatįn,028,Dzilam de Bravo
031,Yucatįn,029,Dzilam Gonzįlez
031,Yucatįn,030,Dzitįs
031,Yucatįn,031,Dzoncauich
031,Yucatįn,032,Espita
031,Yucatįn,033,Halachó
031,Yucatįn,034,Hocabį
031,Yucatįn,035,Hoctśn
031,Yucatįn,036,Homśn
031,Yucatįn,037,Huhķ
031,Yucatįn,038,Hunucmį
031,Yucatįn,039,Ixil
031,Yucatįn,040,Izamal
031,Yucatįn,041,Kanasķn
031,Yucatįn,042,Kantunil
031,Yucatįn,043,Kaua
031,Yucatįn,044,Kinchil
031,Yucatįn,045,Kopomį
031,Yucatįn,046,Mama
031,Yucatįn,047,Manķ
031,Yucatįn,048,Maxcanś
031,Yucatįn,049,Mayapįn
031,Yucatįn,050,Mérida
031,Yucatįn,051,Mocochį
031,Yucatįn,052,Motul
031,Yucatįn,053,Muna
031,Yucatįn,054,Muxupip
031,Yucatįn,055,Opichén
031,Yucatįn,056,Oxkutzcab
031,Yucatįn,057,Panabį
031,Yucatįn,058,Peto
031,Yucatįn,059,Progreso
031,Yucatįn,060,Quintana Roo
031,Yucatįn,061,Rķo Lagartos
031,Yucatįn,062,Sacalum
031,Yucatįn,063,Samahil
031,Yucatįn,064,Sanahcat
031,Yucatįn,065,San Felipe
031,Yucatįn,066,Santa Elena
031,Yucatįn,067,Seyé
031,Yucatįn,068,Sinanché
031,Yucatįn,069,Sotuta
031,Yucatįn,070,Sucilį
031,Yucatįn,071,Sudzal
031,Yucatįn,072,Suma
031,Yucatįn,073,Tahdziś
031,Yucatįn,074,Tahmek
031,Yucatįn,075,Teabo
031,Yucatįn,076,Tecoh
031,Yucatįn,077,Tekal de Venegas
031,Yucatįn,078,Tekantó
031,Yucatįn,079,Tekax
031,Yucatįn,080,Tekit
031,Yucatįn,081,Tekom
031,Yucatįn,082,Telchac Pueblo
031,Yucatįn,083,Telchac Puerto
031,Yucatįn,084,Temax
031,Yucatįn,085,Temozón
031,Yucatįn,086,Tepakįn
031,Yucatįn,087,Tetiz
031,Yucatįn,088,Teya
031,Yucatįn,089,Ticul
031,Yucatįn,090,Timucuy
031,Yucatįn,091,Tinum
031,Yucatįn,092,Tixcacalcupul
031,Yucatįn,093,Tixkokob
031,Yucatįn,094,Tixmehuac
031,Yucatįn,095,Tixpéhual
031,Yucatįn,096,Tizimķn
031,Yucatįn,097,Tunkįs
031,Yucatįn,098,Tzucacab
031,Yucatįn,099,Uayma
031,Yucatįn,100,Ucś
031,Yucatįn,101,Umįn
031,Yucatįn,102,Valladolid
031,Yucatįn,103,Xocchel
031,Yucatįn,104,Yaxcabį
031,Yucatįn,105,Yaxkukul
031,Yucatįn,106,Yobaķn
031,Yucatįn,999,Municipio no especificado
032,Zacatecas,001,Apozol
032,Zacatecas,002,Apulco
032,Zacatecas,003,Atolinga
032,Zacatecas,004,Benito Juįrez
032,Zacatecas,005,Calera
032,Zacatecas,006,Cańitas de Felipe Pescador
032,Zacatecas,007,Concepción del Oro
032,Zacatecas,008,Cuauhtémoc
032,Zacatecas,009,Chalchihuites
032,Zacatecas,010,Fresnillo
032,Zacatecas,011,Trinidad Garcķa de la Cadena
032,Zacatecas,012,Genaro Codina
032,Zacatecas,013,General Enrique Estrada
032,Zacatecas,014,General Francisco R. Murguķa
032,Zacatecas,015,El Plateado de Joaquķn Amaro
032,Zacatecas,016,General Pįnfilo Natera
032,Zacatecas,017,Guadalupe
032,Zacatecas,018,Huanusco
032,Zacatecas,019,Jalpa
032,Zacatecas,020,Jerez
032,Zacatecas,021,Jiménez del Teul
032,Zacatecas,022,Juan Aldama
032,Zacatecas,023,Juchipila
032,Zacatecas,024,Loreto
032,Zacatecas,025,Luis Moya
032,Zacatecas,026,Mazapil
032,Zacatecas,027,Melchor Ocampo
032,Zacatecas,028,Mezquital del Oro
032,Zacatecas,029,Miguel Auza
032,Zacatecas,030,Momax
032,Zacatecas,031,Monte Escobedo
032,Zacatecas,032,Morelos
032,Zacatecas,033,Moyahua de Estrada
032,Zacatecas,034,Nochistlįn de Mejķa
032,Zacatecas,035,Noria de Įngeles
032,Zacatecas,036,Ojocaliente
032,Zacatecas,037,Pįnuco
032,Zacatecas,038,Pinos
032,Zacatecas,039,Rķo Grande
032,Zacatecas,040,Sain Alto
032,Zacatecas,041,El Salvador
032,Zacatecas,042,Sombrerete
032,Zacatecas,043,Susticacįn
032,Zacatecas,044,Tabasco
032,Zacatecas,045,Tepechitlįn
032,Zacatecas,046,Tepetongo
032,Zacatecas,047,Teśl de Gonzįlez Ortega
032,Zacatecas,048,Tlaltenango de Sįnchez Romįn
032,Zacatecas,049,Valparaķso
032,Zacatecas,050,Vetagrande
032,Zacatecas,051,Villa de Cos
032,Zacatecas,052,Villa Garcķa
032,Zacatecas,053,Villa Gonzįlez Ortega
032,Zacatecas,054,Villa Hidalgo
032,Zacatecas,055,Villanueva
032,Zacatecas,056,Zacatecas
032,Zacatecas,057,Trancoso
032,Zacatecas,058,Santa Marķa de la Paz
032,Zacatecas,999,Municipio no especificado
999,Entidad no especificada,999,Municipio no especificado
